,Player,Nation,Pos,Squad,Age,Born,MP,Starts,Min,90s,Gls,Ast,G-PK,PK,PKatt,CrdY,CrdR,Gls.1,Ast.1,G+A,G-PK.1,G+A-PK,xG,npxG,xA,npxG+xA,xG.1,xA.1,xG+xA,npxG.1,npxG+xA.1,Matches
0,Luis Silva,MEX,FW,Real Salt Lake,29,1988,19,9,814,9.0,5,0,4,1,1,0,0,0.55,0.0,0.55,0.44,0.44,4.3,3.5,1.1,4.6,0.47,0.12,0.6,0.39,0.51,Matches
1,Saad Abdul-Salaam,USA,DF,NYCFC,26,1991,4,3,274,3.0,0,1,0,0,0,1,0,0.0,0.33,0.33,0.0,0.33,0.1,0.1,0.9,1.1,0.04,0.3,0.35,0.04,0.35,Matches
2,Mohammed Abu,GHA,MFDF,Columbus Crew,26,1991,4,0,97,1.1,0,0,0,0,0,0,0,0.0,0.0,0.0,0.0,0.0,0.0,0.0,0.1,0.2,0.03,0.11,0.14,0.03,0.14,Matches
3,Lalas Abubakar,GHA,DF,Columbus Crew,23,1994,23,20,1771,19.7,1,0,1,0,0,3,0,0.05,0.0,0.05,0.05,0.05,0.9,0.9,0.1,1.1,0.05,0.01,0.05,0.05,0.05,Matches
4,David Accam,GHA,FWMF,Philadelphia,27,1990,23,13,1213,13.5,1,0,1,0,0,3,0,0.07,0.0,0.07,0.07,0.07,3.1,3.1,1.0,4.1,0.23,0.07,0.3,0.23,0.3,Matches
5,Danilo Acosta,HON,DF,Real Salt Lake,20,1997,12,10,898,10.0,0,1,0,0,0,0,0,0.0,0.1,0.1,0.0,0.1,0.3,0.3,0.5,0.8,0.03,0.05,0.08,0.03,0.08,Matches
6,Kellyn Acosta,USA,MFFW,Colorado Rapids,22,1995,12,12,1039,11.5,2,2,2,0,1,3,0,0.17,0.17,0.35,0.17,0.35,2.2,1.5,0.9,2.4,0.19,0.08,0.27,0.13,0.21,Matches
7,Kellyn Acosta,USA,MFFW,FC Dallas,22,1995,13,8,675,7.5,1,1,1,0,0,0,0,0.13,0.13,0.27,0.13,0.27,1.1,1.1,0.7,1.9,0.15,0.1,0.25,0.15,0.25,Matches
8,Luciano Acosta,ARG,MF,D.C. United,23,1994,33,32,2746,30.5,10,15,10,0,0,3,0,0.33,0.49,0.82,0.33,0.82,5.5,5.5,8.5,14.0,0.18,0.28,0.46,0.18,0.46,Matches
9,Mo Adams,ENG,MF,Chicago Fire,21,1996,14,10,883,9.8,0,0,0,0,0,3,1,0.0,0.0,0.0,0.0,0.0,0.0,0.0,0.0,0.0,0.0,0.0,0.0,0.0,0.0,Matches
10,Tyler Adams,USA,MF,NY Red Bulls,18,1999,27,26,2328,25.9,0,3,0,0,0,3,0,0.0,0.12,0.12,0.0,0.12,1.1,1.1,2.2,3.3,0.04,0.09,0.13,0.04,0.13,Matches
11,Fanendo Adi,NGA,FW,Portland Timbers,27,1990,14,9,823,9.1,3,2,3,0,0,0,0,0.33,0.22,0.55,0.33,0.55,4.5,4.5,0.7,5.1,0.49,0.07,0.56,0.49,0.56,Matches
12,Bismark Adjei-Boateng,GHA,MFDF,Colorado Rapids,23,1994,20,14,1233,13.7,1,0,1,0,0,6,1,0.07,0.0,0.07,0.07,0.07,0.5,0.5,0.7,1.2,0.04,0.05,0.09,0.04,0.09,Matches
13,François Affolter,SUI,DF,San Jose,26,1991,9,7,678,7.5,0,0,0,0,0,2,0,0.0,0.0,0.0,0.0,0.0,0.0,0.0,0.0,0.0,0.0,0.0,0.0,0.0,0.0,Matches
14,Harrison Afful,GHA,DF,Columbus Crew,31,1986,32,32,2864,31.8,2,3,2,0,0,1,0,0.06,0.09,0.16,0.06,0.16,2.5,2.5,4.2,6.7,0.08,0.13,0.21,0.08,0.21,Matches
15,Juan Agudelo,USA,FWMF,New England,25,1992,30,13,1504,16.7,3,3,3,0,0,2,0,0.18,0.18,0.36,0.18,0.36,3.4,3.4,1.4,4.9,0.21,0.09,0.29,0.21,0.29,Matches
16,Abel Aguilar,COL,MF,FC Dallas,33,1985,4,1,134,1.5,0,0,0,0,0,0,0,0.0,0.0,0.0,0.0,0.0,0.0,0.0,0.0,0.0,0.03,0.0,0.03,0.03,0.03,Matches
17,Stefan Aigner,GER,FW,Colorado Rapids,30,1987,1,0,12,0.1,0,0,0,0,0,0,0,0.0,0.0,0.0,0.0,0.0,0.0,0.0,0.0,0.0,0.0,0.0,0.0,0.0,0.0,Matches
18,José Aja,URU,DF,Vancouver,24,1993,17,17,1511,16.8,1,0,1,0,0,4,1,0.06,0.0,0.06,0.06,0.06,0.5,0.5,0.3,0.8,0.03,0.02,0.05,0.03,0.05,Matches
19,Ager Aketxe,ESP,MF,Toronto FC,24,1993,11,9,729,8.1,0,1,0,0,1,1,0,0.0,0.12,0.12,0.0,0.12,1.7,1.0,1.1,2.1,0.21,0.14,0.35,0.12,0.26,Matches
20,Tesho Akindele,CAN,FWMF,FC Dallas,25,1992,19,5,586,6.5,2,0,2,0,0,0,0,0.31,0.0,0.31,0.31,0.31,1.7,1.7,0.8,2.5,0.26,0.12,0.38,0.26,0.38,Matches
21,Ayo Akinola,CAN,FWMF,Toronto FC,18,2000,4,0,49,0.5,0,1,0,0,0,0,0,0.0,1.84,1.84,0.0,1.84,0.0,0.0,0.3,0.3,0.0,0.6,0.6,0.0,0.6,Matches
22,Fatai Alashe,USA,MF,San Jose,24,1993,12,2,362,4.0,0,0,0,0,0,1,0,0.0,0.0,0.0,0.0,0.0,0.0,0.0,0.2,0.2,0.0,0.04,0.04,0.0,0.04,Matches
23,Romain Alessandrini,FRA,FWMF,LA Galaxy,28,1989,26,23,1909,21.2,11,8,10,1,1,7,0,0.52,0.38,0.9,0.47,0.85,5.2,4.4,6.1,10.5,0.24,0.29,0.53,0.21,0.49,Matches
24,Eric Alexander,USA,MF,Houston Dynamo,29,1988,21,20,1655,18.4,1,0,1,0,0,4,1,0.05,0.0,0.05,0.05,0.05,0.7,0.7,0.8,1.4,0.04,0.04,0.08,0.04,0.08,Matches
25,Tony Alfaro,USA,DF,Seattle,24,1993,4,3,220,2.4,0,0,0,0,0,3,1,0.0,0.0,0.0,0.0,0.0,0.0,0.0,0.0,0.0,0.01,0.0,0.01,0.01,0.01,Matches
26,Miguel Almirón,PAR,MFFW,Atlanta Utd,23,1994,32,32,2756,30.6,12,11,8,4,5,4,0,0.39,0.36,0.75,0.26,0.62,15.1,11.3,10.5,21.8,0.49,0.34,0.84,0.37,0.71,Matches
27,Osvaldo Alonso,CUB,MF,Seattle,32,1985,25,21,1838,20.4,0,0,0,0,0,6,0,0.0,0.0,0.0,0.0,0.0,1.1,1.1,0.6,1.7,0.06,0.03,0.08,0.06,0.08,Matches
28,Jozy Altidore,USA,FW,Toronto FC,28,1989,13,12,871,9.7,7,0,5,2,2,3,1,0.72,0.0,0.72,0.52,0.52,6.1,4.6,0.4,5.0,0.63,0.04,0.67,0.47,0.52,Matches
29,Arturo Alvarez,SLV,FWMF,Houston Dynamo,32,1985,18,2,355,3.9,0,1,0,0,0,1,0,0.0,0.25,0.25,0.0,0.25,0.5,0.5,0.9,1.3,0.12,0.22,0.34,0.12,0.34,Matches
30,Eloi Amagat,ESP,MF,NYCFC,32,1985,8,5,430,4.8,0,0,0,0,0,0,1,0.0,0.0,0.0,0.0,0.0,0.2,0.2,0.6,0.8,0.04,0.12,0.16,0.04,0.16,Matches
31,Quincy Amarikwa,USA,FWMF,San Jose,30,1987,14,1,280,3.1,0,2,0,0,0,1,0,0.0,0.64,0.64,0.0,0.64,0.5,0.5,0.7,1.2,0.16,0.24,0.39,0.16,0.39,Matches
32,Quincy Amarikwa,USA,FW,Montreal Impact,30,1987,10,7,641,7.1,1,0,1,0,0,0,0,0.14,0.0,0.14,0.14,0.14,2.8,2.8,0.4,3.1,0.39,0.05,0.44,0.39,0.44,Matches
33,Mikey Ambrose,USA,DFMF,Atlanta Utd,24,1993,9,8,729,8.1,0,1,0,0,0,1,0,0.0,0.12,0.12,0.0,0.12,0.2,0.2,0.7,0.9,0.02,0.09,0.11,0.02,0.11,Matches
34,Michael Amir Murillo,PAN,DF,NY Red Bulls,21,1996,23,21,1936,21.5,1,3,1,0,0,5,1,0.05,0.14,0.19,0.05,0.19,1.5,1.5,3.4,4.8,0.07,0.16,0.22,0.07,0.22,Matches
35,Emiliano Amor,ARG,DF,Sporting KC,22,1995,5,3,333,3.7,0,0,0,0,0,1,0,0.0,0.0,0.0,0.0,0.0,0.0,0.0,0.3,0.3,0.01,0.08,0.09,0.01,0.09,Matches
36,Vytas Andriuškevičius,LTU,DFFW,Portland Timbers,27,1990,3,0,24,0.3,0,0,0,0,0,0,0,0.0,0.0,0.0,0.0,0.0,0.0,0.0,0.0,0.0,0.0,0.0,0.0,0.0,0.0,Matches
37,Isaac Angking,PUR,FWMF,New England,18,2000,3,0,39,0.4,0,0,0,0,0,0,0,0.0,0.0,0.0,0.0,0.0,0.6,0.6,0.4,1.1,1.47,0.98,2.45,1.47,2.45,Matches
38,Jalil Anibaba,USA,DF,New England,29,1988,31,29,2708,30.1,0,1,0,0,0,3,0,0.0,0.03,0.03,0.0,0.03,0.5,0.5,0.7,1.1,0.02,0.02,0.04,0.02,0.04,Matches
39,Pablo Aránguiz,CHI,FWMF,FC Dallas,20,1997,9,3,283,3.1,0,0,0,0,0,0,0,0.0,0.0,0.0,0.0,0.0,0.2,0.2,1.1,1.4,0.08,0.39,0.47,0.08,0.47,Matches
40,Victor Arboleda,COL,FW,Portland Timbers,21,1997,1,0,32,0.4,0,0,0,0,0,0,0,0.0,0.0,0.0,0.0,0.0,0.0,0.0,0.0,0.0,0.0,0.06,0.06,0.0,0.06,Matches
41,Luis Argudo,USA,FWMF,Columbus Crew,22,1995,18,6,634,7.0,0,0,0,0,0,0,0,0.0,0.0,0.0,0.0,0.0,0.6,0.6,0.8,1.4,0.08,0.12,0.2,0.08,0.2,Matches
42,Samuel Armenteros,SWE,FW,Portland Timbers,27,1990,28,19,1585,17.6,8,1,8,0,0,2,0,0.45,0.06,0.51,0.45,0.51,6.6,6.6,2.0,8.7,0.38,0.12,0.49,0.38,0.49,Matches
43,Paul Arriola,USA,MFFW,D.C. United,22,1995,28,25,2177,24.2,7,6,7,0,0,7,1,0.29,0.25,0.54,0.29,0.54,3.7,3.7,3.7,7.4,0.15,0.15,0.31,0.15,0.31,Matches
44,Artur,BRA,MF,Columbus Crew,21,1996,32,32,2780,30.9,0,1,0,0,0,5,0,0.0,0.03,0.03,0.0,0.03,2.2,2.2,1.3,3.5,0.07,0.04,0.11,0.07,0.11,Matches
45,Yamil Asad,ARG,MFFW,D.C. United,23,1994,30,27,2359,26.2,9,5,8,1,1,1,0,0.34,0.19,0.53,0.31,0.5,5.4,4.6,3.0,7.6,0.21,0.11,0.32,0.18,0.29,Matches
46,Carlos Ascues,PER,DFMF,Orlando City,25,1992,9,9,753,8.4,0,0,0,0,0,2,0,0.0,0.0,0.0,0.0,0.0,0.3,0.3,0.2,0.4,0.04,0.02,0.05,0.04,0.05,Matches
47,Dairon Asprilla,COL,FWMF,Portland Timbers,25,1992,17,7,693,7.7,1,0,0,1,1,3,0,0.13,0.0,0.13,0.0,0.0,2.6,1.8,1.6,3.4,0.34,0.21,0.55,0.24,0.45,Matches
48,Jeff Attinella,USA,GK,Portland Timbers,29,1988,22,22,1942,21.6,0,0,0,0,0,0,0,0.0,0.0,0.0,0.0,0.0,0.0,0.0,0.1,0.1,0.0,0.01,0.01,0.0,0.01,Matches
49,Eduard Atuesta,COL,MF,Los Angeles FC,20,1997,25,16,1507,16.7,1,2,1,0,0,5,0,0.06,0.12,0.18,0.06,0.18,1.0,1.0,1.6,2.5,0.06,0.1,0.16,0.06,0.16,Matches
50,Auro,BRA,DFMF,Toronto FC,22,1996,18,16,1424,15.8,0,3,0,0,0,3,0,0.0,0.19,0.19,0.0,0.19,0.8,0.8,2.3,3.0,0.05,0.14,0.19,0.05,0.19,Matches
51,Kwame Awuah,CAN,MFFW,NYCFC,22,1995,6,1,146,1.6,0,0,0,0,0,0,0,0.0,0.0,0.0,0.0,0.0,0.0,0.0,0.1,0.2,0.03,0.09,0.12,0.03,0.12,Matches
52,Micheal Azira,UGA,MF,Colorado Rapids,30,1987,5,3,275,3.1,0,0,0,0,0,2,0,0.0,0.0,0.0,0.0,0.0,0.1,0.1,0.0,0.1,0.02,0.0,0.02,0.02,0.02,Matches
53,Micheal Azira,UGA,MF,Montreal Impact,30,1987,10,8,724,8.0,1,0,1,0,0,2,0,0.12,0.0,0.12,0.12,0.12,0.5,0.5,0.0,0.5,0.06,0.0,0.06,0.06,0.06,Matches
54,Dominique Badji,SEN,FW,Colorado Rapids,25,1992,16,15,1340,14.9,7,1,7,0,0,6,0,0.47,0.07,0.54,0.47,0.54,6.7,6.7,0.7,7.4,0.45,0.05,0.49,0.45,0.49,Matches
55,Dominique Badji,SEN,FW,FC Dallas,25,1992,10,9,613,6.8,2,1,2,0,0,0,0,0.29,0.15,0.44,0.29,0.44,2.3,2.3,1.0,3.3,0.37,0.17,0.54,0.37,0.54,Matches
56,Corey Baird,USA,FW,Real Salt Lake,22,1996,31,21,1898,21.1,8,5,8,0,0,4,0,0.38,0.24,0.62,0.38,0.62,7.2,7.2,2.8,10.0,0.34,0.13,0.48,0.34,0.48,Matches
57,Jon Bakero,ESP,FWMF,Toronto FC,21,1996,3,2,148,1.6,0,0,0,0,0,0,0,0.0,0.0,0.0,0.0,0.0,0.2,0.2,0.0,0.3,0.14,0.02,0.15,0.14,0.15,Matches
58,Jon Bakero,ESP,MFFW,Chicago Fire,21,1996,4,1,78,0.9,0,0,0,0,0,0,0,0.0,0.0,0.0,0.0,0.0,0.2,0.2,0.3,0.6,0.27,0.4,0.67,0.27,0.67,Matches
59,Ezequiel Barco,ARG,FWMF,Atlanta Utd,18,1999,26,19,1723,19.1,4,2,4,0,0,2,0,0.21,0.1,0.31,0.21,0.31,3.4,3.4,4.4,7.8,0.18,0.23,0.41,0.18,0.41,Matches
60,Giles Barnes,JAM,FWMF,Colorado Rapids,29,1988,12,6,545,6.1,0,0,0,0,0,0,0,0.0,0.0,0.0,0.0,0.0,0.1,0.1,0.5,0.6,0.01,0.08,0.09,0.01,0.09,Matches
61,Michael Barrios,COL,FWMF,FC Dallas,26,1991,34,29,2530,28.1,6,5,6,0,0,3,0,0.21,0.18,0.39,0.21,0.39,8.3,8.3,7.8,16.1,0.3,0.29,0.59,0.3,0.59,Matches
62,Shawn Barry,PUR,DF,Real Salt Lake,27,1990,4,3,202,2.2,0,0,0,0,0,1,0,0.0,0.0,0.0,0.0,0.0,0.0,0.0,0.0,0.0,0.0,0.02,0.02,0.0,0.02,Matches
63,Cole Bassett,USA,MF,Colorado Rapids,16,2001,6,3,309,3.4,1,0,1,0,0,0,0,0.29,0.0,0.29,0.29,0.29,1.1,1.1,0.2,1.2,0.31,0.05,0.35,0.31,0.35,Matches
64,DaMarcus Beasley,USA,DF,Houston Dynamo,35,1982,26,26,2206,24.5,1,2,1,0,0,0,1,0.04,0.08,0.12,0.04,0.12,0.5,0.5,2.0,2.5,0.02,0.08,0.1,0.02,0.1,Matches
65,Kyle Beckerman,USA,MF,Real Salt Lake,35,1982,31,29,2622,29.1,1,0,1,0,0,8,0,0.03,0.0,0.03,0.03,0.03,1.0,1.0,1.4,2.4,0.03,0.05,0.08,0.03,0.08,Matches
66,Alejandro Bedoya,USA,MF,Philadelphia,30,1987,33,31,2778,30.9,3,5,3,0,0,7,1,0.1,0.16,0.26,0.1,0.26,3.8,3.8,5.7,9.5,0.12,0.18,0.31,0.12,0.31,Matches
67,Steven Beitashour,IRN,DF,Los Angeles FC,30,1987,30,30,2641,29.3,2,3,2,0,0,3,0,0.07,0.1,0.17,0.07,0.17,1.5,1.5,2.9,4.5,0.05,0.1,0.16,0.05,0.16,Matches
68,Louis Béland-Goyette,CAN,MFFW,Montreal Impact,22,1995,4,0,113,1.3,0,0,0,0,0,0,0,0.0,0.0,0.0,0.0,0.0,0.0,0.0,0.0,0.0,0.0,0.03,0.03,0.0,0.03,Matches
69,George Bello,USA,MFDF,Atlanta Utd,16,2002,3,2,177,2.0,1,0,1,0,0,0,0,0.51,0.0,0.51,0.51,0.51,0.2,0.2,0.4,0.6,0.11,0.18,0.29,0.11,0.29,Matches
70,Kharlton Belmar,GRN,FWMF,Sporting KC,25,1992,4,0,69,0.8,0,0,0,0,0,0,0,0.0,0.0,0.0,0.0,0.0,0.1,0.1,0.1,0.2,0.16,0.1,0.25,0.16,0.25,Matches
71,Joe Bendik,USA,GK,Orlando City,28,1989,25,24,2219,24.7,0,0,0,0,0,3,0,0.0,0.0,0.0,0.0,0.0,0.0,0.0,0.3,0.3,0.0,0.01,0.01,0.0,0.01,Matches
72,Matt Besler,USA,DF,Sporting KC,30,1987,31,31,2745,30.5,0,2,0,0,0,2,0,0.0,0.07,0.07,0.0,0.07,0.0,0.0,1.5,1.5,0.0,0.05,0.05,0.0,0.05,Matches
73,Nick Besler,USA,DFMF,Real Salt Lake,24,1993,22,15,1435,15.9,1,0,1,0,0,1,0,0.06,0.0,0.06,0.06,0.06,0.7,0.7,0.0,0.7,0.04,0.0,0.04,0.04,0.04,Matches
74,Vincent Bezecourt,FRA,MFFW,NY Red Bulls,24,1993,9,5,396,4.4,0,1,0,0,0,1,0,0.0,0.23,0.23,0.0,0.23,0.4,0.4,0.6,1.0,0.1,0.14,0.24,0.1,0.24,Matches
75,David Bingham,USA,GK,LA Galaxy,28,1989,34,34,3060,34.0,0,0,0,0,0,2,0,0.0,0.0,0.0,0.0,0.0,0.0,0.0,0.0,0.0,0.0,0.0,0.0,0.0,0.0,Matches
76,Eric Bird,USA,MF,Houston Dynamo,24,1993,6,4,340,3.8,0,0,0,0,0,0,0,0.0,0.0,0.0,0.0,0.0,0.5,0.5,0.1,0.5,0.12,0.02,0.14,0.12,0.14,Matches
77,Steve Birnbaum,USA,DF,D.C. United,27,1991,34,34,3060,34.0,2,0,2,0,0,4,0,0.06,0.0,0.06,0.06,0.06,1.2,1.2,0.4,1.6,0.04,0.01,0.05,0.04,0.05,Matches
78,Tristan Blackmon,USA,DF,Los Angeles FC,21,1996,10,5,496,5.5,0,0,0,0,0,1,0,0.0,0.0,0.0,0.0,0.0,0.1,0.1,0.1,0.3,0.02,0.03,0.05,0.02,0.05,Matches
79,Andre Blake,JAM,GK,Philadelphia,27,1990,33,33,2970,33.0,0,0,0,0,0,2,0,0.0,0.0,0.0,0.0,0.0,0.0,0.0,0.0,0.0,0.0,0.0,0.0,0.0,0.0,Matches
80,Sebastián Blanco,ARG,MFFW,Portland Timbers,29,1988,31,29,2559,28.4,10,8,10,0,0,9,0,0.35,0.28,0.63,0.35,0.63,6.2,6.2,8.8,15.0,0.22,0.31,0.53,0.22,0.53,Matches
81,Latif Blessing,GHA,FWMF,Los Angeles FC,21,1996,30,18,1808,20.1,5,6,5,0,0,0,0,0.25,0.3,0.55,0.25,0.55,7.2,7.2,3.7,10.9,0.38,0.19,0.57,0.38,0.57,Matches
82,Johan Blomberg,SWE,MFDF,Colorado Rapids,30,1987,24,21,1649,18.3,0,3,0,0,0,5,0,0.0,0.16,0.16,0.0,0.16,0.8,0.8,2.4,3.2,0.04,0.13,0.17,0.04,0.17,Matches
83,Anthony Blondell,VEN,FW,Vancouver,23,1994,18,8,645,7.2,1,1,1,0,0,1,0,0.14,0.14,0.28,0.14,0.28,1.6,1.6,1.1,2.7,0.23,0.15,0.38,0.23,0.38,Matches
84,Emmanuel Boateng,GHA,FW,LA Galaxy,24,1994,27,12,1192,13.2,2,5,2,0,0,2,0,0.15,0.38,0.53,0.15,0.53,3.0,3.0,2.2,5.1,0.22,0.16,0.39,0.22,0.39,Matches
85,Fernando Bob,BRA,MF,Minnesota Utd,30,1988,7,7,614,6.8,0,0,0,0,0,2,1,0.0,0.0,0.0,0.0,0.0,0.0,0.0,0.2,0.3,0.01,0.03,0.04,0.01,0.04,Matches
86,Yannick Boli,CIV,FW,Colorado Rapids,30,1988,17,9,769,8.5,2,0,1,1,1,3,1,0.23,0.0,0.23,0.12,0.12,2.9,2.1,0.2,2.3,0.34,0.03,0.36,0.25,0.27,Matches
87,Alex Bono,USA,GK,Toronto FC,23,1994,27,27,2430,27.0,0,0,0,0,0,2,0,0.0,0.0,0.0,0.0,0.0,0.0,0.0,0.1,0.1,0.0,0.0,0.0,0.0,0.0,Matches
88,Stefano Bonomo,USA,FW,NY Red Bulls,25,1993,1,0,2,0.0,0,0,0,0,0,0,0,0.0,0.0,0.0,0.0,0.0,0.0,0.0,0.0,0.0,0.0,0.73,0.73,0.0,0.73,Matches
89,Michael Boxall,NZL,DF,Minnesota Utd,29,1988,32,32,2880,32.0,2,0,2,0,0,7,0,0.06,0.0,0.06,0.06,0.06,1.0,1.0,0.4,1.3,0.03,0.01,0.04,0.03,0.04,Matches
90,Michael Bradley,USA,MFDF,Toronto FC,30,1987,32,32,2856,31.7,0,2,0,0,0,6,0,0.0,0.06,0.06,0.0,0.06,0.7,0.7,2.0,2.6,0.02,0.06,0.08,0.02,0.08,Matches
91,Shaft Brewer,USA,FW,Los Angeles FC,18,1999,3,0,32,0.4,0,0,0,0,0,0,0,0.0,0.0,0.0,0.0,0.0,0.3,0.3,0.3,0.6,0.74,0.85,1.59,0.74,1.59,Matches
92,Frédéric Brillant,FRA,DF,D.C. United,32,1985,27,24,2182,24.2,0,1,0,0,0,1,0,0.0,0.04,0.04,0.0,0.04,1.0,1.0,0.7,1.7,0.04,0.03,0.07,0.04,0.07,Matches
93,Brandt Bronico,USA,MF,Chicago Fire,22,1995,23,17,1532,17.0,1,4,1,0,0,4,0,0.06,0.23,0.29,0.06,0.29,1.5,1.5,1.2,2.7,0.09,0.07,0.16,0.09,0.16,Matches
94,Will Bruin,USA,FW,Seattle,28,1989,29,19,1797,20.0,7,5,7,0,0,1,0,0.35,0.25,0.6,0.35,0.6,5.9,5.9,3.2,9.1,0.29,0.16,0.46,0.29,0.46,Matches
95,Teal Bunbury,USA,FW,New England,27,1990,32,30,2559,28.4,11,2,10,1,2,5,0,0.39,0.07,0.46,0.35,0.42,10.8,9.3,2.1,11.4,0.38,0.07,0.45,0.33,0.4,Matches
96,Marc Burch,USA,DF,Minnesota Utd,33,1984,6,5,403,4.5,0,0,0,0,0,1,0,0.0,0.0,0.0,0.0,0.0,0.0,0.0,0.4,0.4,0.0,0.08,0.08,0.0,0.08,Matches
97,Cory Burke,JAM,FW,Philadelphia,26,1991,29,15,1433,15.9,10,1,10,0,0,4,1,0.63,0.06,0.69,0.63,0.69,9.0,9.0,1.1,10.1,0.57,0.07,0.64,0.57,0.64,Matches
98,Evan Bush,USA,GK,Montreal Impact,31,1986,34,34,3060,34.0,0,0,0,0,0,1,0,0.0,0.0,0.0,0.0,0.0,0.0,0.0,0.0,0.0,0.0,0.0,0.0,0.0,0.0,Matches
99,Gianluca Busio,USA,MF,Sporting KC,15,2002,7,1,159,1.8,1,1,1,0,0,0,0,0.57,0.57,1.13,0.57,1.13,1.5,1.5,0.3,1.8,0.87,0.18,1.05,0.87,1.05,Matches
100,Handwalla Bwana,SOM,FWMF,Seattle,20,1997,12,6,490,5.4,2,1,2,0,0,0,0,0.37,0.18,0.55,0.37,0.55,1.0,1.0,0.5,1.5,0.19,0.09,0.28,0.19,0.28,Matches
101,Brandon Bye,USA,DF,New England,22,1995,24,16,1474,16.4,1,1,1,0,0,4,0,0.06,0.06,0.12,0.06,0.12,0.5,0.5,0.3,0.8,0.03,0.02,0.05,0.03,0.05,Matches
102,Víctor Cabrera,ARG,DF,Montreal Impact,24,1993,13,10,922,10.2,0,0,0,0,0,2,1,0.0,0.0,0.0,0.0,0.0,0.2,0.2,0.0,0.2,0.02,0.0,0.02,0.02,0.02,Matches
103,Luís Caicedo,COL,MF,New England,21,1996,30,29,2589,28.8,1,3,1,0,0,11,0,0.03,0.1,0.14,0.03,0.14,1.8,1.8,1.3,3.1,0.06,0.05,0.11,0.06,0.11,Matches
104,Scott Caldwell,USA,MF,New England,26,1991,24,20,1516,16.8,2,0,2,0,0,8,1,0.12,0.0,0.12,0.12,0.12,2.3,2.3,1.0,3.3,0.14,0.06,0.2,0.14,0.2,Matches
105,Alexander Callens,PER,DF,NYCFC,25,1992,31,31,2748,30.5,1,0,1,0,0,6,0,0.03,0.0,0.03,0.03,0.03,1.7,1.7,0.4,2.1,0.06,0.01,0.07,0.06,0.07,Matches
106,Caleb Calvert,USA,FW,Colorado Rapids,21,1996,1,0,36,0.4,0,0,0,0,0,0,0,0.0,0.0,0.0,0.0,0.0,0.3,0.3,0.0,0.3,0.65,0.09,0.74,0.65,0.74,Matches
107,Eric Calvillo,SLV,MF,San Jose,20,1998,3,2,164,1.8,0,0,0,0,0,1,0,0.0,0.0,0.0,0.0,0.0,0.1,0.1,0.2,0.3,0.08,0.09,0.17,0.08,0.17,Matches
108,Francisco Calvo,CRC,DF,Minnesota Utd,25,1992,26,26,2338,26.0,2,2,2,0,0,10,1,0.08,0.08,0.15,0.08,0.15,1.5,1.5,1.5,3.0,0.06,0.06,0.12,0.06,0.12,Matches
109,Rudy Camacho,FRA,DF,Montreal Impact,26,1991,18,18,1565,17.4,0,0,0,0,0,2,0,0.0,0.0,0.0,0.0,0.0,0.8,0.8,0.0,0.8,0.04,0.0,0.05,0.04,0.05,Matches
110,Jonathan Campbell,USA,DF,Chicago Fire,24,1993,15,11,1007,11.2,0,0,0,0,0,1,0,0.0,0.0,0.0,0.0,0.0,0.3,0.3,0.0,0.3,0.02,0.0,0.03,0.02,0.03,Matches
111,Diego Campos,CRC,FWDF,Chicago Fire,22,1995,23,13,1199,13.3,1,1,1,0,0,1,0,0.08,0.08,0.15,0.08,0.15,2.0,2.0,1.8,3.8,0.15,0.14,0.29,0.15,0.29,Matches
112,Reggie Cannon,USA,DF,FC Dallas,19,1998,33,33,2918,32.4,1,2,1,0,0,4,0,0.03,0.06,0.09,0.03,0.09,0.7,0.7,2.3,3.0,0.02,0.07,0.1,0.02,0.1,Matches
113,Russell Canouse,USA,MF,D.C. United,22,1995,20,17,1534,17.0,1,0,1,0,0,4,0,0.06,0.0,0.06,0.06,0.06,1.1,1.1,0.2,1.2,0.06,0.01,0.07,0.06,0.07,Matches
114,Andrew Carleton,USA,FWMF,Atlanta Utd,17,2000,7,2,161,1.8,0,1,0,0,0,0,0,0.0,0.56,0.56,0.0,0.56,0.3,0.3,0.5,0.8,0.18,0.27,0.44,0.18,0.44,Matches
115,Servando Carrasco,USA,MF,LA Galaxy,29,1988,19,10,1004,11.2,0,2,0,0,0,3,0,0.0,0.18,0.18,0.0,0.18,0.3,0.3,1.0,1.3,0.03,0.09,0.12,0.03,0.12,Matches
116,Julio Cascante,CRC,DF,Portland Timbers,24,1993,21,18,1732,19.2,0,1,0,0,0,1,0,0.0,0.05,0.05,0.0,0.05,1.2,1.2,0.1,1.3,0.06,0.0,0.07,0.06,0.07,Matches
117,Cristian Cásseres Jr.,VEN,MF,NY Red Bulls,18,2000,3,1,97,1.1,0,0,0,0,0,1,0,0.0,0.0,0.0,0.0,0.0,0.0,0.0,0.0,0.0,0.04,0.0,0.04,0.04,0.04,Matches
118,Valentín Castellanos,ARG,FW,NYCFC,19,1998,8,5,446,5.0,1,0,1,0,0,2,0,0.2,0.0,0.2,0.2,0.2,2.8,2.8,0.4,3.2,0.56,0.08,0.64,0.56,0.64,Matches
119,Edgar Castillo,USA,DFMF,Colorado Rapids,31,1986,28,28,2439,27.1,3,5,3,0,0,7,0,0.11,0.18,0.3,0.11,0.3,0.9,0.9,3.2,4.1,0.03,0.12,0.15,0.03,0.15,Matches
120,Darwin Cerén,SLV,MF,Houston Dynamo,28,1989,24,20,1861,20.7,1,0,1,0,0,9,1,0.05,0.0,0.05,0.05,0.05,0.3,0.3,0.6,0.9,0.01,0.03,0.04,0.01,0.04,Matches
121,Maxime Chanot,LUX,DF,NYCFC,28,1989,18,18,1569,17.4,1,0,1,0,0,2,1,0.06,0.0,0.06,0.06,0.06,0.7,0.7,0.1,0.7,0.04,0.0,0.04,0.04,0.04,Matches
122,Jay Chapman,CAN,MFFW,Toronto FC,24,1994,22,10,987,11.0,3,1,3,0,0,2,0,0.27,0.09,0.36,0.27,0.36,2.8,2.8,2.6,5.4,0.26,0.24,0.49,0.26,0.49,Matches
123,Diego Chará,COL,MF,Portland Timbers,31,1986,27,26,2385,26.5,2,0,2,0,0,11,0,0.08,0.0,0.08,0.08,0.08,1.9,1.9,1.9,3.8,0.07,0.07,0.14,0.07,0.14,Matches
124,David Choinière,CAN,MF,Montreal Impact,20,1997,1,0,13,0.1,0,0,0,0,0,0,0,0.0,0.0,0.0,0.0,0.0,0.0,0.0,0.0,0.0,0.0,0.0,0.0,0.0,0.0,Matches
125,Mathieu Choiniere,CAN,FWMF,Montreal Impact,18,1999,5,0,87,1.0,0,0,0,0,0,0,0,0.0,0.0,0.0,0.0,0.0,0.1,0.1,0.1,0.2,0.11,0.08,0.18,0.11,0.18,Matches
126,Paul Christensen,USA,GK,Atlanta Utd,21,1996,1,0,55,0.6,0,0,0,0,0,0,0,0.0,0.0,0.0,0.0,0.0,0.0,0.0,0.0,0.0,0.0,0.0,0.0,0.0,0.0,Matches
127,Michaël Ciani,FRA,DF,LA Galaxy,33,1984,21,19,1645,18.3,1,0,1,0,0,5,0,0.05,0.0,0.05,0.05,0.05,0.4,0.4,0.1,0.5,0.02,0.0,0.03,0.02,0.03,Matches
128,Laurent Ciman,BEL,DF,Los Angeles FC,32,1985,22,22,1980,22.0,3,0,3,0,0,1,0,0.14,0.0,0.14,0.14,0.14,1.0,1.0,1.0,2.0,0.05,0.05,0.1,0.05,0.1,Matches
129,Ricardo Clark,USA,MF,Columbus Crew,34,1983,13,8,640,7.1,1,1,1,0,0,1,0,0.14,0.14,0.28,0.14,0.28,0.6,0.6,0.3,0.9,0.08,0.04,0.13,0.08,0.13,Matches
130,Steve Clark,USA,GK,D.C. United,31,1986,3,3,270,3.0,0,0,0,0,0,1,0,0.0,0.0,0.0,0.0,0.0,0.0,0.0,0.0,0.0,0.0,0.0,0.0,0.0,0.0,Matches
131,Steve Clark,USA,GK,Portland Timbers,31,1986,8,6,578,6.4,0,0,0,0,0,1,0,0.0,0.0,0.0,0.0,0.0,0.0,0.0,0.0,0.0,0.0,0.0,0.0,0.0,0.0,Matches
132,Stefan Cleveland,USA,GK,Chicago Fire,23,1994,5,5,450,5.0,0,0,0,0,0,0,0,0.0,0.0,0.0,0.0,0.0,0.0,0.0,0.0,0.0,0.0,0.0,0.0,0.0,0.0,Matches
133,Ashley Cole,ENG,DFMF,LA Galaxy,37,1980,31,30,2684,29.8,1,9,1,0,0,8,2,0.03,0.3,0.34,0.03,0.34,1.5,1.5,5.0,6.5,0.05,0.17,0.22,0.05,0.22,Matches
134,Elliot Collier,NZL,FWMF,Chicago Fire,22,1995,16,9,906,10.1,1,1,1,0,0,1,0,0.1,0.1,0.2,0.1,0.2,2.1,2.1,1.0,3.1,0.21,0.1,0.3,0.21,0.3,Matches
135,Aurélien Collin,FRA,DF,NY Red Bulls,31,1986,7,5,353,3.9,0,0,0,0,0,2,0,0.0,0.0,0.0,0.0,0.0,0.0,0.0,0.1,0.1,0.01,0.03,0.03,0.01,0.03,Matches
136,Cristian Colmán,PAR,FW,FC Dallas,23,1994,15,6,610,6.8,2,0,2,0,0,0,1,0.3,0.0,0.3,0.3,0.3,2.4,2.4,1.2,3.6,0.36,0.18,0.54,0.36,0.54,Matches
137,Josué Colmán,PAR,FW,Orlando City,19,1998,24,10,1063,11.8,1,2,1,0,0,0,0,0.08,0.17,0.25,0.08,0.25,1.3,1.3,1.4,2.7,0.11,0.12,0.23,0.11,0.23,Matches
138,Kip Colvey,NZL,DFMF,Colorado Rapids,23,1994,3,3,206,2.3,0,0,0,0,0,0,0,0.0,0.0,0.0,0.0,0.0,0.0,0.0,0.1,0.1,0.0,0.03,0.03,0.0,0.03,Matches
139,Simon Colyn,CAN,MF,Vancouver,15,2002,1,0,5,0.1,0,0,0,0,0,0,0,0.0,0.0,0.0,0.0,0.0,0.1,0.1,0.0,0.1,1.04,0.0,1.04,1.04,1.04,Matches
140,Tomás Conechny,ARG,FWMF,Portland Timbers,19,1998,4,1,74,0.8,0,0,0,0,0,0,0,0.0,0.0,0.0,0.0,0.0,0.2,0.2,0.0,0.2,0.27,0.03,0.3,0.27,0.3,Matches
141,Drew Conner,USA,MFDF,Chicago Fire,23,1994,11,5,467,5.2,0,1,0,0,0,3,1,0.0,0.19,0.19,0.0,0.19,0.0,0.0,0.4,0.5,0.01,0.08,0.09,0.01,0.09,Matches
142,Warren Creavalle,USA,MF,Philadelphia,27,1990,17,6,689,7.7,0,1,0,0,0,2,0,0.0,0.13,0.13,0.0,0.13,0.2,0.2,0.6,0.7,0.02,0.07,0.09,0.02,0.09,Matches
143,Alex Crognale,USA,FWDF,Columbus Crew,23,1994,5,0,101,1.1,1,0,1,0,0,0,0,0.89,0.0,0.89,0.89,0.89,0.1,0.1,0.0,0.1,0.11,0.0,0.11,0.11,0.11,Matches
144,Yohan Croizet,FRA,MFFW,Sporting KC,25,1992,32,19,1591,17.7,3,3,3,0,0,2,0,0.17,0.17,0.34,0.17,0.34,3.6,3.6,2.1,5.7,0.2,0.12,0.32,0.2,0.32,Matches
145,Harold Cummings,PAN,DF,San Jose,25,1992,21,21,1874,20.8,0,0,0,0,0,3,0,0.0,0.0,0.0,0.0,0.0,0.0,0.0,0.2,0.3,0.0,0.01,0.01,0.0,0.01,Matches
146,Aidan Daniels,CAN,DF,Toronto FC,19,1998,1,0,13,0.1,0,0,0,0,0,0,0,0.0,0.0,0.0,0.0,0.0,0.0,0.0,0.0,0.0,0.33,0.0,0.33,0.33,0.33,Matches
147,Abu Danladi,GHA,FW,Minnesota Utd,22,1995,16,5,488,5.4,1,1,1,0,0,1,0,0.18,0.18,0.37,0.18,0.37,2.0,2.0,1.0,3.0,0.37,0.18,0.56,0.37,0.56,Matches
148,Juan David Cabezas,COL,MF,Houston Dynamo,26,1991,6,4,289,3.2,0,0,0,0,0,1,0,0.0,0.0,0.0,0.0,0.0,0.1,0.1,0.0,0.1,0.03,0.01,0.04,0.03,0.04,Matches
149,Alphonso Davies,CAN,FWMF,Vancouver,17,2000,31,27,2419,26.9,8,9,8,0,0,2,0,0.3,0.33,0.63,0.3,0.63,5.5,5.5,6.1,11.6,0.2,0.23,0.43,0.2,0.43,Matches
150,Sean Davis,USA,MF,NY Red Bulls,24,1993,32,30,2574,28.6,0,4,0,0,0,1,0,0.0,0.14,0.14,0.0,0.14,0.4,0.4,2.6,3.0,0.01,0.09,0.1,0.01,0.1,Matches
151,Christian Dean,USA,DF,Chicago Fire,24,1993,2,2,177,2.0,0,0,0,0,0,0,0,0.0,0.0,0.0,0.0,0.0,0.1,0.1,0.0,0.1,0.03,0.0,0.03,0.03,0.03,Matches
152,A.J. DeLaGarza,GUM,DF,Houston Dynamo,30,1987,4,4,360,4.0,0,0,0,0,0,0,0,0.0,0.0,0.0,0.0,0.0,0.0,0.0,0.1,0.1,0.0,0.01,0.01,0.0,0.01,Matches
153,Antonio Delamea Mlinar,SVN,DF,New England,26,1991,18,18,1514,16.8,0,0,0,0,0,8,1,0.0,0.0,0.0,0.0,0.0,0.5,0.5,0.0,0.5,0.03,0.0,0.03,0.03,0.03,Matches
154,Jordy Delem,MTQ,MFDF,Seattle,24,1993,16,10,858,9.5,1,0,1,0,0,5,0,0.1,0.0,0.1,0.1,0.1,0.8,0.8,0.1,0.9,0.08,0.01,0.09,0.08,0.09,Matches
155,Nick DeLeon,USA,DF,D.C. United,27,1990,15,12,1064,11.8,0,1,0,0,0,2,0,0.0,0.08,0.08,0.0,0.08,1.2,1.2,0.5,1.7,0.1,0.05,0.15,0.1,0.15,Matches
156,Marky Delgado,USA,MF,Toronto FC,22,1995,28,21,1983,22.0,2,2,2,0,0,3,0,0.09,0.09,0.18,0.09,0.18,1.8,1.8,2.2,4.0,0.08,0.1,0.18,0.08,0.18,Matches
157,Clint Dempsey,USA,MFFW,Seattle,34,1983,14,9,905,10.1,1,1,1,0,0,1,1,0.1,0.1,0.2,0.1,0.2,3.4,3.4,1.5,4.9,0.34,0.15,0.49,0.34,0.49,Matches
158,Gregory van der Wiel,NED,DF,Toronto FC,29,1988,27,25,2296,25.5,0,4,0,0,0,2,1,0.0,0.16,0.16,0.0,0.16,0.1,0.1,1.9,2.1,0.01,0.08,0.08,0.01,0.08,Matches
159,Tyler Deric,USA,GK,Houston Dynamo,29,1988,2,2,180,2.0,0,0,0,0,0,1,0,0.0,0.0,0.0,0.0,0.0,0.0,0.0,0.0,0.0,0.0,0.0,0.0,0.0,0.0,Matches
160,Mauro Díaz,ARG,MFFW,FC Dallas,26,1991,12,9,803,8.9,2,5,0,2,2,3,0,0.22,0.56,0.78,0.0,0.56,3.2,1.7,3.0,4.7,0.36,0.34,0.7,0.19,0.53,Matches
161,Claude Dielna,GLP,DF,New England,30,1987,17,15,1333,14.8,0,0,0,0,0,6,1,0.0,0.0,0.0,0.0,0.0,1.0,1.0,0.4,1.4,0.07,0.03,0.09,0.07,0.09,Matches
162,Adama Diomande,NOR,FW,Los Angeles FC,27,1990,18,14,1248,13.9,12,4,12,0,0,1,0,0.87,0.29,1.15,0.87,1.15,9.4,9.4,2.0,11.4,0.68,0.14,0.82,0.68,0.82,Matches
163,Bořek Dočkal,CZE,MF,Philadelphia,29,1988,31,30,2380,26.4,5,11,4,1,1,1,0,0.19,0.42,0.61,0.15,0.57,4.0,3.2,8.4,11.6,0.15,0.32,0.47,0.12,0.44,Matches
164,Marco Donadel,ITA,DFMF,Montreal Impact,34,1983,2,1,97,1.1,0,0,0,0,0,2,0,0.0,0.0,0.0,0.0,0.0,0.0,0.0,0.0,0.0,0.05,0.0,0.05,0.05,0.05,Matches
165,Giovani dos Santos,MEX,MFFW,LA Galaxy,28,1989,14,10,823,9.1,3,2,3,0,0,2,0,0.33,0.22,0.55,0.33,0.55,3.3,3.3,1.7,4.9,0.36,0.18,0.54,0.36,0.54,Matches
166,Jonathan dos Santos,MEX,MF,LA Galaxy,27,1990,23,22,1907,21.2,2,4,2,0,0,3,0,0.09,0.19,0.28,0.09,0.28,0.7,0.7,1.4,2.1,0.03,0.07,0.1,0.03,0.1,Matches
167,Kyle Duncan,USA,DF,NY Red Bulls,20,1997,4,4,360,4.0,0,1,0,0,0,0,0,0.0,0.25,0.25,0.0,0.25,0.0,0.0,0.3,0.3,0.0,0.07,0.07,0.0,0.07,Matches
168,Julian Dunn-Johnson,CAN,DF,Toronto FC,17,2000,2,1,105,1.2,0,0,0,0,0,0,0,0.0,0.0,0.0,0.0,0.0,0.0,0.0,0.0,0.0,0.0,0.0,0.0,0.0,0.0,Matches
169,Chris Durkin,USA,MF,D.C. United,17,2000,23,16,1506,16.7,0,0,0,0,0,4,0,0.0,0.0,0.0,0.0,0.0,0.4,0.4,0.3,0.7,0.03,0.02,0.04,0.03,0.04,Matches
170,Chris Duvall,USA,DF,Montreal Impact,26,1991,15,14,1192,13.2,0,1,0,0,0,4,0,0.0,0.08,0.08,0.0,0.08,0.0,0.0,0.8,0.9,0.0,0.06,0.07,0.0,0.07,Matches
171,Dom Dwyer,USA,FW,Orlando City,27,1990,26,25,2242,24.9,13,0,13,0,0,9,0,0.52,0.0,0.52,0.52,0.52,11.2,11.2,0.4,11.5,0.45,0.01,0.46,0.45,0.46,Matches
172,Jeremy Ebobisse,USA,FW,Portland Timbers,20,1997,9,5,450,5.0,2,0,2,0,0,1,0,0.4,0.0,0.4,0.4,0.4,1.9,1.9,0.6,2.5,0.38,0.12,0.5,0.38,0.5,Matches
173,Earl Edwards Jr.,USA,GK,Orlando City,26,1992,5,5,391,4.3,0,0,0,0,0,0,0,0.0,0.0,0.0,0.0,0.0,0.0,0.0,0.0,0.0,0.0,0.0,0.0,0.0,0.0,Matches
174,Raheem Edwards,CAN,FWMF,Chicago Fire,22,1995,13,10,916,10.2,1,2,1,0,0,0,0,0.1,0.2,0.29,0.1,0.29,1.4,1.4,2.6,4.1,0.14,0.26,0.4,0.14,0.4,Matches
175,Raheem Edwards,CAN,FWMF,Montreal Impact,22,1995,14,9,808,9.0,2,0,2,0,0,3,0,0.22,0.0,0.22,0.22,0.22,1.4,1.4,0.5,1.9,0.16,0.05,0.21,0.16,0.21,Matches
176,Alberth Elis,HON,FW,Houston Dynamo,21,1996,30,27,2414,26.8,11,9,9,2,2,6,1,0.41,0.34,0.75,0.34,0.67,13.2,11.7,7.8,19.5,0.49,0.29,0.78,0.43,0.73,Matches
177,Jack Elliott,ENG,DF,Philadelphia,22,1995,17,16,1429,15.9,2,0,2,0,0,7,1,0.13,0.0,0.13,0.13,0.13,1.6,1.6,0.0,1.6,0.1,0.0,0.1,0.1,0.1,Matches
178,Kevin Ellis,USA,DFFW,D.C. United,26,1991,2,0,48,0.5,0,0,0,0,0,0,0,0.0,0.0,0.0,0.0,0.0,0.0,0.0,0.0,0.0,0.0,0.0,0.0,0.0,0.0,Matches
179,Kevin Ellis,USA,DF,Chicago Fire,26,1991,20,19,1531,17.0,2,3,2,0,0,3,0,0.12,0.18,0.29,0.12,0.29,0.6,0.6,0.9,1.6,0.04,0.05,0.09,0.04,0.09,Matches
180,Marcus Epps,USA,FW,Philadelphia,23,1995,13,8,606,6.7,1,0,1,0,0,0,0,0.15,0.0,0.15,0.15,0.15,1.7,1.7,0.7,2.4,0.26,0.1,0.36,0.26,0.36,Matches
181,Magnus Eriksson,SWE,MFFW,San Jose,27,1990,32,29,2484,27.6,6,3,3,3,3,2,0,0.22,0.11,0.33,0.11,0.22,5.3,3.0,4.3,7.3,0.19,0.15,0.35,0.11,0.26,Matches
182,Fidel Escobar,PAN,DF,NY Red Bulls,23,1995,6,4,375,4.2,0,0,0,0,0,0,0,0.0,0.0,0.0,0.0,0.0,0.3,0.3,0.0,0.3,0.08,0.0,0.08,0.08,0.08,Matches
183,Franco Escobar,ARG,DF,Atlanta Utd,22,1995,22,20,1788,19.9,1,0,1,0,0,7,0,0.05,0.0,0.05,0.05,0.05,1.1,1.1,1.1,2.3,0.06,0.06,0.11,0.06,0.11,Matches
184,Roger Espinoza,HON,MF,Sporting KC,31,1986,32,32,2820,31.3,3,6,3,0,0,9,1,0.1,0.19,0.29,0.1,0.29,2.8,2.8,5.1,7.9,0.09,0.17,0.26,0.09,0.26,Matches
185,Derrick Etienne,HAI,FW,NY Red Bulls,21,1996,30,9,970,10.8,5,0,5,0,1,1,0,0.46,0.0,0.46,0.46,0.46,6.9,6.1,1.2,7.3,0.64,0.12,0.75,0.57,0.68,Matches
186,Fabinho,BRA,DF,Philadelphia,32,1985,11,8,715,7.9,0,0,0,0,0,1,0,0.0,0.0,0.0,0.0,0.0,0.0,0.0,0.4,0.4,0.0,0.05,0.05,0.0,0.05,Matches
187,Diego Fagúndez,URU,MFFW,New England,22,1995,33,30,2661,29.6,9,8,8,1,2,9,0,0.3,0.27,0.57,0.27,0.54,7.0,5.6,7.8,13.4,0.24,0.26,0.5,0.19,0.45,Matches
188,Rod Fanni,FRA,DF,Montreal Impact,36,1981,26,26,2289,25.4,1,0,1,0,0,0,0,0.04,0.0,0.04,0.04,0.04,0.2,0.2,0.2,0.4,0.01,0.01,0.01,0.01,0.01,Matches
189,Marco Farfan,USA,DFFW,Portland Timbers,19,1998,11,6,516,5.7,0,0,0,0,0,0,0,0.0,0.0,0.0,0.0,0.0,0.0,0.0,0.4,0.4,0.0,0.07,0.07,0.0,0.07,Matches
190,Andrew Farrell,USA,DF,New England,25,1992,31,30,2701,30.0,2,2,2,0,0,2,0,0.07,0.07,0.13,0.07,0.13,0.7,0.7,2.1,2.7,0.02,0.07,0.09,0.02,0.09,Matches
191,Benny Feilhaber,USA,MF,Los Angeles FC,33,1985,34,32,2796,31.1,3,2,3,0,0,5,0,0.1,0.06,0.16,0.1,0.16,1.5,1.5,4.6,6.2,0.05,0.15,0.2,0.05,0.2,Matches
192,Felipe,BRA,MF,Vancouver,27,1990,29,24,2204,24.5,1,2,1,0,0,4,0,0.04,0.08,0.12,0.04,0.12,1.4,1.4,3.7,5.0,0.06,0.15,0.21,0.06,0.21,Matches
193,Luis Felipe,BRA,MF,San Jose,22,1996,13,11,974,10.8,0,1,0,0,0,4,0,0.0,0.09,0.09,0.0,0.09,0.3,0.3,0.3,0.5,0.03,0.03,0.05,0.03,0.05,Matches
194,Rolf Feltscher,VEN,DF,LA Galaxy,27,1990,15,15,1293,14.4,1,3,1,0,0,6,0,0.07,0.21,0.28,0.07,0.28,0.2,0.2,1.5,1.7,0.01,0.11,0.12,0.01,0.12,Matches
195,Gerso Fernandes,GNB,FW,Sporting KC,26,1991,31,17,1598,17.8,5,4,5,0,0,1,0,0.28,0.23,0.51,0.28,0.51,5.5,5.5,4.0,9.5,0.31,0.22,0.53,0.31,0.53,Matches
196,Luiz Fernando,BRA,MF,Minnesota Utd,22,1995,11,6,577,6.4,0,0,0,0,0,7,1,0.0,0.0,0.0,0.0,0.0,,,,,,,,,,Matches
197,Jesus Ferreira,USA,FW,FC Dallas,17,2000,1,0,4,0.0,0,0,0,0,0,0,0,0.0,0.0,0.0,0.0,0.0,0.3,0.3,0.0,0.3,6.15,0.0,6.15,6.15,6.15,Matches
198,Maynor Figueroa,HON,DF,FC Dallas,34,1983,16,11,1010,11.2,1,0,1,0,0,2,0,0.09,0.0,0.09,0.09,0.09,0.6,0.6,0.2,0.8,0.06,0.01,0.07,0.06,0.07,Matches
199,Ethan Finlay,USA,FW,Minnesota Utd,27,1990,7,7,569,6.3,2,1,2,0,0,0,0,0.32,0.16,0.47,0.32,0.47,2.0,2.0,1.0,3.0,0.32,0.16,0.48,0.32,0.48,Matches
200,Oniel Fisher,JAM,DF,D.C. United,26,1991,24,20,1832,20.4,1,1,1,0,0,3,0,0.05,0.05,0.1,0.05,0.1,1.1,1.1,1.4,2.5,0.05,0.07,0.12,0.05,0.12,Matches
201,Andrés Flores,SLV,MF,Portland Timbers,27,1990,26,11,1171,13.0,1,2,1,0,0,1,0,0.08,0.15,0.23,0.08,0.23,1.7,1.7,1.4,3.1,0.13,0.11,0.24,0.13,0.24,Matches
202,Anthony Fontana,USA,MF,Philadelphia,18,1999,5,1,102,1.1,1,0,1,0,0,0,0,0.88,0.0,0.88,0.88,0.88,0.8,0.8,0.3,1.1,0.69,0.26,0.95,0.69,0.95,Matches
203,Andreu Fontàs,ESP,DF,Sporting KC,28,1989,2,1,93,1.0,0,0,0,0,0,0,0,0.0,0.0,0.0,0.0,0.0,0.0,0.0,0.0,0.0,0.0,0.0,0.0,0.0,0.0,Matches
204,Kortne Ford,USA,DF,Colorado Rapids,22,1996,15,14,1138,12.6,0,0,0,0,0,7,0,0.0,0.0,0.0,0.0,0.0,0.3,0.3,0.1,0.4,0.02,0.01,0.03,0.02,0.03,Matches
205,Waylon Francis,CRC,DFFW,Seattle,27,1990,11,5,585,6.5,0,0,0,0,0,1,0,0.0,0.0,0.0,0.0,0.0,0.0,0.0,1.1,1.1,0.01,0.17,0.17,0.01,0.17,Matches
206,Sean Franklin,USA,DF,Vancouver,32,1985,11,9,833,9.3,0,0,0,0,0,0,0,0.0,0.0,0.0,0.0,0.0,0.0,0.0,0.9,0.9,0.0,0.1,0.1,0.0,0.1,Matches
207,Liam Fraser,CAN,MFFW,Toronto FC,19,1998,10,7,614,6.8,0,0,0,0,0,2,0,0.0,0.0,0.0,0.0,0.0,0.1,0.1,0.0,0.2,0.02,0.01,0.03,0.02,0.03,Matches
208,Stefan Frei,SUI,GK,Seattle,31,1986,33,33,2970,33.0,0,0,0,0,0,1,0,0.0,0.0,0.0,0.0,0.0,0.0,0.0,0.0,0.0,0.0,0.0,0.0,0.0,0.0,Matches
209,Alejandro Fuenmayor,VEN,DF,Houston Dynamo,21,1996,22,21,1762,19.6,3,1,3,0,0,7,1,0.15,0.05,0.2,0.15,0.2,1.1,1.1,0.3,1.4,0.06,0.01,0.07,0.06,0.07,Matches
210,Gilbert Fuentes,USA,MF,San Jose,15,2002,1,0,2,0.0,0,0,0,0,0,0,0,0.0,0.0,0.0,0.0,0.0,0.0,0.0,0.0,0.0,0.0,0.0,0.0,0.0,0.0,Matches
211,Omar Gaber,EGY,FWDF,Los Angeles FC,26,1992,7,2,258,2.9,0,0,0,0,0,1,0,0.0,0.0,0.0,0.0,0.0,0.2,0.2,0.3,0.5,0.09,0.18,0.28,0.09,0.28,Matches
212,Ray Gaddis,USA,DF,Philadelphia,28,1990,28,25,2299,25.5,0,1,0,0,0,1,0,0.0,0.04,0.04,0.0,0.04,0.7,0.7,0.6,1.4,0.03,0.02,0.05,0.03,0.05,Matches
213,Boniek García,HON,MF,Houston Dynamo,33,1984,29,21,2064,22.9,1,6,1,0,0,7,0,0.04,0.26,0.31,0.04,0.31,0.2,0.2,5.1,5.4,0.01,0.22,0.23,0.01,0.23,Matches
214,Kevin Garcia,USA,DF,Houston Dynamo,27,1990,15,11,1103,12.3,1,0,1,0,0,0,0,0.08,0.0,0.08,0.08,0.08,0.2,0.2,0.4,0.6,0.01,0.03,0.05,0.01,0.05,Matches
215,Greg Garza,USA,DFMF,Atlanta Utd,26,1991,11,10,926,10.3,1,1,1,0,0,2,1,0.1,0.1,0.19,0.1,0.19,0.7,0.7,1.0,1.7,0.07,0.1,0.17,0.07,0.17,Matches
216,Shkëlzen Gashi,ALB,FWMF,Colorado Rapids,29,1988,21,9,818,9.1,2,2,1,1,1,3,0,0.22,0.22,0.44,0.11,0.33,3.3,2.6,1.9,4.4,0.37,0.2,0.57,0.28,0.49,Matches
217,Ali Ghazal,EGY,MFDF,Vancouver,25,1992,22,17,1444,16.0,0,0,0,0,0,2,0,0.0,0.0,0.0,0.0,0.0,0.7,0.7,0.1,0.7,0.04,0.01,0.05,0.04,0.05,Matches
218,Luis Gil,USA,MFFW,Houston Dynamo,24,1993,12,3,279,3.1,0,0,0,0,0,1,0,0.0,0.0,0.0,0.0,0.0,0.6,0.6,0.1,0.7,0.2,0.02,0.22,0.2,0.22,Matches
219,Sebastian Giovinco,ITA,FW,Toronto FC,31,1987,28,26,2385,26.5,13,7,12,1,4,5,1,0.49,0.26,0.75,0.45,0.72,15.1,12.1,7.2,19.3,0.57,0.27,0.84,0.46,0.73,Matches
220,Justen Glad,USA,DF,Real Salt Lake,20,1997,33,33,2909,32.3,0,0,0,0,0,6,0,0.0,0.0,0.0,0.0,0.0,0.9,0.9,0.4,1.2,0.03,0.01,0.04,0.03,0.04,Matches
221,Jake Gleeson,NZL,GK,Portland Timbers,27,1990,6,6,540,6.0,0,0,0,0,0,1,0,0.0,0.0,0.0,0.0,0.0,0.0,0.0,0.0,0.0,0.0,0.0,0.0,0.0,0.0,Matches
222,Aníbal Godoy,PAN,MF,San Jose,27,1990,27,27,2344,26.0,0,1,0,0,0,8,0,0.0,0.04,0.04,0.0,0.04,0.7,0.7,0.8,1.5,0.03,0.03,0.06,0.03,0.06,Matches
223,Alexi Gómez,PER,FWMF,Minnesota Utd,24,1993,18,16,1316,14.6,0,0,0,0,0,4,0,0.0,0.0,0.0,0.0,0.0,0.9,0.9,0.6,1.5,0.06,0.04,0.1,0.06,0.1,Matches
224,Leandro González Pirez,ARG,DF,Atlanta Utd,25,1992,32,32,2772,30.8,1,1,1,0,0,9,1,0.03,0.03,0.06,0.03,0.06,2.0,2.0,0.9,2.8,0.06,0.03,0.09,0.06,0.09,Matches
225,Jesse Gonzalez,MEX,GK,FC Dallas,22,1995,21,21,1890,21.0,0,0,0,0,0,5,0,0.0,0.0,0.0,0.0,0.0,0.0,0.0,0.0,0.0,0.0,0.0,0.0,0.0,0.0,Matches
226,Alan Gordon,USA,FWMF,Chicago Fire,36,1981,23,7,835,9.3,4,0,4,0,0,2,0,0.43,0.0,0.43,0.43,0.43,2.5,2.5,0.1,2.6,0.27,0.01,0.28,0.27,0.28,Matches
227,Mike Grella,USA,FW,Columbus Crew,31,1987,12,5,483,5.4,1,1,1,0,0,1,0,0.19,0.19,0.37,0.19,0.37,0.8,0.8,1.2,2.1,0.15,0.23,0.38,0.15,0.38,Matches
228,Julian Gressel,GER,MFDF,Atlanta Utd,24,1993,33,33,2942,32.7,4,12,4,0,0,3,0,0.12,0.37,0.49,0.12,0.49,4.4,4.4,7.9,12.3,0.14,0.24,0.38,0.14,0.38,Matches
229,Adam Grinwis,USA,GK,Orlando City,25,1992,5,5,450,5.0,0,0,0,0,0,0,0,0.0,0.0,0.0,0.0,0.0,0.0,0.0,0.0,0.0,0.0,0.0,0.0,0.0,0.0,Matches
230,Carlos Gruezo,ECU,MF,FC Dallas,22,1995,31,28,2509,27.9,2,1,2,0,0,8,0,0.07,0.04,0.11,0.07,0.11,2.8,2.8,0.9,3.7,0.1,0.03,0.14,0.1,0.14,Matches
231,Felipe Gutiérrez,CHI,MF,Sporting KC,27,1990,20,18,1517,16.9,7,1,7,0,0,3,0,0.42,0.06,0.47,0.42,0.47,3.2,3.2,1.6,4.7,0.2,0.1,0.3,0.2,0.3,Matches
232,Brad Guzan,USA,GK,Atlanta Utd,33,1984,33,33,2913,32.4,0,0,0,0,0,3,1,0.0,0.0,0.0,0.0,0.0,0.0,0.0,0.1,0.1,0.0,0.0,0.0,0.0,0.0,Matches
233,David Guzmán,CRC,MF,Portland Timbers,27,1990,14,11,968,10.8,3,0,3,0,0,5,0,0.28,0.0,0.28,0.28,0.28,1.2,1.2,0.7,1.9,0.11,0.07,0.18,0.11,0.18,Matches
234,Nick Hagglund,USA,DF,Toronto FC,25,1992,20,15,1432,15.9,3,0,3,0,0,1,0,0.19,0.0,0.19,0.19,0.19,0.8,0.8,0.2,1.0,0.05,0.01,0.06,0.05,0.06,Matches
235,Marlon Hairston,USA,DFMF,Colorado Rapids,23,1994,15,13,1104,12.3,0,1,0,0,0,1,0,0.0,0.08,0.08,0.0,0.08,0.3,0.3,0.9,1.2,0.03,0.07,0.1,0.03,0.1,Matches
236,Bill Hamid,USA,GK,D.C. United,27,1990,14,14,1260,14.0,0,0,0,0,0,0,0,0.0,0.0,0.0,0.0,0.0,0.0,0.0,0.0,0.0,0.0,0.0,0.0,0.0,0.0,Matches
237,Jordan Hamilton,CAN,FWMF,Toronto FC,21,1996,14,10,862,9.6,2,1,2,0,0,1,0,0.21,0.1,0.31,0.21,0.31,3.9,3.9,1.0,4.9,0.41,0.1,0.51,0.41,0.51,Matches
238,Niko Hansen,DEN,FW,Columbus Crew,23,1994,22,11,1030,11.4,3,2,3,0,0,1,0,0.26,0.17,0.44,0.26,0.44,3.2,3.2,1.7,4.9,0.28,0.15,0.43,0.28,0.43,Matches
239,Ian Harkes,USA,MFFW,D.C. United,22,1995,8,4,352,3.9,0,0,0,0,0,0,0,0.0,0.0,0.0,0.0,0.0,0.0,0.0,0.0,0.0,0.0,0.0,0.0,0.0,0.0,Matches
240,Jordan Harvey,USA,DF,Los Angeles FC,34,1984,29,23,2140,23.8,0,0,0,0,0,3,1,0.0,0.0,0.0,0.0,0.0,0.4,0.4,1.5,1.8,0.02,0.06,0.08,0.02,0.08,Matches
241,Nicolas Hasler,LIE,DFMF,Chicago Fire,26,1991,10,8,779,8.7,0,0,0,0,0,0,0,0.0,0.0,0.0,0.0,0.0,0.3,0.3,0.7,1.0,0.04,0.08,0.12,0.04,0.12,Matches
242,Nicolas Hasler,LIE,DFMF,Toronto FC,26,1991,14,11,943,10.5,0,3,0,0,0,0,0,0.0,0.29,0.29,0.0,0.29,1.3,1.3,1.2,2.5,0.12,0.11,0.24,0.12,0.24,Matches
243,Guillermo Hauché,ARG,FWDF,New England,24,1993,4,2,174,1.9,0,0,0,0,0,1,0,0.0,0.0,0.0,0.0,0.0,0.0,0.0,0.0,0.1,0.02,0.01,0.03,0.02,0.03,Matches
244,Jacori Hayes,USA,MF,FC Dallas,22,1995,16,10,999,11.1,1,1,1,0,0,2,0,0.09,0.09,0.18,0.09,0.18,0.7,0.7,0.9,1.6,0.06,0.08,0.15,0.06,0.15,Matches
245,Harrison Heath,USA,MFFW,Minnesota Utd,21,1996,4,1,124,1.4,0,0,0,0,0,2,1,0.0,0.0,0.0,0.0,0.0,0.0,0.0,0.0,0.0,0.03,0.0,0.03,0.03,0.03,Matches
246,Matt Hedges,USA,DF,FC Dallas,27,1990,33,33,2925,32.5,2,0,2,0,0,8,0,0.06,0.0,0.06,0.06,0.06,2.2,2.2,0.4,2.6,0.07,0.01,0.08,0.07,0.08,Matches
247,Adam Henley,WAL,DFFW,Real Salt Lake,23,1994,5,2,262,2.9,0,0,0,0,0,1,0,0.0,0.0,0.0,0.0,0.0,0.0,0.0,0.0,0.0,0.01,0.0,0.01,0.01,0.01,Matches
248,Doneil Henry,CAN,DF,Vancouver,24,1993,14,14,1260,14.0,0,0,0,0,0,1,0,0.0,0.0,0.0,0.0,0.0,0.6,0.6,0.0,0.6,0.04,0.0,0.04,0.04,0.04,Matches
249,Fabian Herbers,GER,FWMF,Philadelphia,24,1993,9,5,428,4.8,0,0,0,0,0,0,0,0.0,0.0,0.0,0.0,0.0,0.3,0.3,0.4,0.7,0.07,0.09,0.16,0.07,0.16,Matches
250,Zachary Herivaux,HAI,MFDF,New England,21,1996,5,2,158,1.8,0,0,0,0,0,1,0,0.0,0.0,0.0,0.0,0.0,0.0,0.0,0.0,0.0,0.0,0.0,0.0,0.0,0.0,Matches
251,Jason Hernandez,PUR,DF,Toronto FC,34,1983,10,7,534,5.9,0,0,0,0,0,2,0,0.0,0.0,0.0,0.0,0.0,0.0,0.0,0.0,0.0,0.0,0.0,0.0,0.0,0.0,Matches
252,José Hernández,VEN,DF,Atlanta Utd,20,1997,1,0,18,0.2,0,0,0,0,0,0,0,0.0,0.0,0.0,0.0,0.0,0.0,0.0,0.0,0.0,0.0,0.0,0.0,0.0,0.0,Matches
253,Aaron Herrera,USA,DF,Real Salt Lake,20,1997,16,14,1235,13.7,0,0,0,0,0,2,0,0.0,0.0,0.0,0.0,0.0,0.0,0.0,0.3,0.3,0.0,0.02,0.02,0.0,0.02,Matches
254,Yangel Herrera,VEN,MF,NYCFC,20,1998,15,13,1111,12.3,0,2,0,0,0,4,0,0.0,0.16,0.16,0.0,0.16,1.6,1.6,0.5,2.1,0.14,0.04,0.19,0.14,0.19,Matches
255,Federico Higuaín,ARG,MF,Columbus Crew,33,1984,30,27,2373,26.4,6,6,3,3,3,5,1,0.23,0.23,0.46,0.11,0.34,6.5,4.2,7.4,11.6,0.25,0.28,0.53,0.16,0.44,Matches
256,Cristian Higuita,COL,MF,Orlando City,24,1994,21,18,1354,15.0,4,0,4,0,0,6,1,0.27,0.0,0.27,0.27,0.27,1.4,1.4,1.0,2.4,0.09,0.07,0.16,0.09,0.16,Matches
257,Tomas Hilliard-Arce,USA,DF,LA Galaxy,22,1995,5,4,302,3.4,0,0,0,0,0,0,0,0.0,0.0,0.0,0.0,0.0,0.1,0.1,0.0,0.1,0.02,0.0,0.02,0.02,0.02,Matches
258,Danny Hoesen,NED,FW,San Jose,27,1991,34,29,2484,27.6,12,3,12,0,0,1,0,0.43,0.11,0.54,0.43,0.54,8.6,8.6,2.6,11.2,0.31,0.09,0.41,0.31,0.41,Matches
259,Ryan Hollingshead,USA,DF,FC Dallas,26,1991,18,7,775,8.6,1,2,1,0,0,0,0,0.12,0.23,0.35,0.12,0.35,0.7,0.7,1.2,2.0,0.09,0.14,0.23,0.09,0.23,Matches
260,David Horst,USA,DF,Real Salt Lake,32,1985,5,3,313,3.5,0,0,0,0,0,0,0,0.0,0.0,0.0,0.0,0.0,0.2,0.2,0.1,0.3,0.06,0.03,0.09,0.06,0.09,Matches
261,André Horta,POR,MF,Los Angeles FC,21,1996,11,3,325,3.6,0,0,0,0,0,0,0,0.0,0.0,0.0,0.0,0.0,0.7,0.7,0.2,0.9,0.19,0.05,0.24,0.19,0.24,Matches
262,Cédric Hountondji,BEN,DF,NYCFC,24,1994,1,0,1,0.0,0,0,0,0,0,0,0,0.0,0.0,0.0,0.0,0.0,0.0,0.0,0.0,0.0,0.0,0.0,0.0,0.0,0.0,Matches
263,Tim Howard,USA,GK,Colorado Rapids,38,1979,33,33,2899,32.2,0,0,0,0,0,1,1,0.0,0.0,0.0,0.0,0.0,0.0,0.0,0.1,0.1,0.0,0.0,0.0,0.0,0.0,Matches
264,Erik Hurtado,USA,FWMF,Vancouver,27,1990,12,4,488,5.4,2,1,2,0,0,0,0,0.37,0.18,0.55,0.37,0.55,1.2,1.2,0.4,1.6,0.22,0.07,0.29,0.22,0.29,Matches
265,Baggio Husidić,BIH,MFFW,LA Galaxy,30,1987,7,1,211,2.3,0,0,0,0,0,1,0,0.0,0.0,0.0,0.0,0.0,0.0,0.0,0.0,0.0,0.01,0.0,0.01,0.01,0.01,Matches
266,Jahmir Hyka,ALB,MFFW,San Jose,29,1988,19,11,912,10.1,3,0,3,0,0,0,0,0.3,0.0,0.3,0.3,0.3,1.4,1.4,1.3,2.7,0.14,0.13,0.26,0.14,0.26,Matches
267,Miguel Ibarra,USA,FWMF,Minnesota Utd,27,1990,33,31,2710,30.1,7,7,7,0,0,4,1,0.23,0.23,0.46,0.23,0.46,6.3,6.3,6.9,13.2,0.21,0.23,0.44,0.21,0.44,Matches
268,Romario Ibarra,ECU,FWMF,Minnesota Utd,23,1994,9,2,277,3.1,3,0,3,0,0,0,0,0.97,0.0,0.97,0.97,0.97,2.5,2.5,0.1,2.6,0.82,0.03,0.85,0.82,0.85,Matches
269,Sebastien Ibeagha,USA,DF,NYCFC,26,1992,26,18,1724,19.2,0,0,0,0,0,1,0,0.0,0.0,0.0,0.0,0.0,0.4,0.4,0.0,0.4,0.02,0.0,0.02,0.02,0.02,Matches
270,Bernie Ibini-Isei,AUS,MFFW,Vancouver,25,1992,8,6,418,4.6,0,1,0,0,0,0,0,0.0,0.22,0.22,0.0,0.22,0.4,0.4,0.4,0.8,0.08,0.08,0.16,0.08,0.16,Matches
271,Zlatan Ibrahimović,SWE,FW,LA Galaxy,36,1981,27,24,2142,23.8,22,6,18,4,4,5,1,0.92,0.25,1.18,0.76,1.01,13.6,10.6,3.9,14.5,0.57,0.17,0.74,0.44,0.61,Matches
272,Ibson,BRA,MF,Minnesota Utd,34,1983,27,23,2100,23.3,4,1,4,0,0,5,0,0.17,0.04,0.21,0.17,0.21,3.3,3.3,1.5,4.8,0.14,0.07,0.21,0.14,0.21,Matches
273,Ilsinho,BRA,FWMF,Philadelphia,32,1985,23,9,989,11.0,6,2,5,1,1,1,0,0.55,0.18,0.73,0.46,0.64,2.1,1.4,1.5,2.8,0.19,0.13,0.33,0.12,0.26,Matches
274,Jo Inge Berget,NOR,FWMF,NYCFC,27,1990,23,19,1560,17.3,4,3,4,0,0,1,0,0.23,0.17,0.4,0.23,0.4,5.6,5.6,2.5,8.2,0.34,0.16,0.5,0.34,0.5,Matches
275,Clint Irwin,USA,GK,Toronto FC,28,1989,7,7,630,7.0,0,0,0,0,0,0,0,0.0,0.0,0.0,0.0,0.0,0.0,0.0,0.0,0.0,0.0,0.0,0.0,0.0,0.0,Matches
276,Andreas Ivan,ROU,FW,NY Red Bulls,23,1995,9,1,192,2.1,0,0,0,0,0,3,0,0.0,0.0,0.0,0.0,0.0,0.2,0.2,0.7,0.9,0.1,0.33,0.44,0.1,0.44,Matches
277,R. J. Allen,USA,DF,Orlando City,27,1990,18,10,971,10.8,0,1,0,0,0,2,0,0.0,0.09,0.09,0.0,0.09,0.2,0.2,1.1,1.2,0.01,0.1,0.11,0.01,0.11,Matches
278,Niki Jackson,USA,FWMF,Colorado Rapids,22,1995,15,1,441,4.9,3,0,3,0,0,4,1,0.61,0.0,0.61,0.61,0.61,1.6,1.6,0.1,1.7,0.32,0.02,0.34,0.32,0.34,Matches
279,Anthony Jackson-Hamel,CAN,FW,Montreal Impact,24,1993,16,6,584,6.5,2,0,2,0,0,0,0,0.31,0.0,0.31,0.31,0.31,2.0,2.0,0.3,2.4,0.31,0.05,0.36,0.31,0.36,Matches
280,Modou Jadama,USA,DF,Portland Timbers,23,1994,1,0,28,0.3,0,0,0,0,0,0,0,0.0,0.0,0.0,0.0,0.0,0.1,0.1,0.0,0.1,0.18,0.0,0.18,0.18,0.18,Matches
281,Adam Jahn,USA,FWMF,Columbus Crew,27,1991,8,0,75,0.8,0,0,0,0,0,0,0,0.0,0.0,0.0,0.0,0.0,0.2,0.2,0.0,0.2,0.2,0.02,0.23,0.2,0.23,Matches
282,Dejan Jakovic,CAN,DF,Los Angeles FC,32,1985,15,13,1148,12.8,0,0,0,0,0,2,1,0.0,0.0,0.0,0.0,0.0,0.4,0.4,0.0,0.4,0.03,0.0,0.03,0.03,0.03,Matches
283,Bradford Jamieson IV,USA,MFFW,LA Galaxy,21,1996,6,3,272,3.0,0,0,0,0,0,1,0,0.0,0.0,0.0,0.0,0.0,0.8,0.8,0.2,0.9,0.25,0.05,0.3,0.25,0.3,Matches
284,Lucas Janson,ARG,FWMF,Toronto FC,23,1994,11,8,818,9.1,4,2,4,0,0,0,0,0.44,0.22,0.66,0.44,0.66,4.1,4.1,1.4,5.5,0.45,0.15,0.6,0.45,0.6,Matches
285,Jared Jeffrey,USA,MFFW,D.C. United,27,1990,2,0,2,0.0,0,0,0,0,0,0,0,0.0,0.0,0.0,0.0,0.0,0.0,0.0,0.0,0.0,0.0,0.0,0.0,0.0,0.0,Matches
286,Hector Jiménez,USA,DF,Columbus Crew,29,1988,11,7,657,7.3,0,0,0,0,0,0,0,0.0,0.0,0.0,0.0,0.0,0.1,0.1,0.2,0.3,0.02,0.03,0.05,0.02,0.05,Matches
287,Daniel Johnson,USA,DFFW,Chicago Fire,22,1995,7,3,262,2.9,0,0,0,0,0,0,0,0.0,0.0,0.0,0.0,0.0,0.1,0.1,0.0,0.1,0.04,0.01,0.05,0.04,0.05,Matches
288,Sean Johnson,USA,GK,NYCFC,28,1989,32,32,2880,32.0,0,0,0,0,0,3,0,0.0,0.0,0.0,0.0,0.0,0.0,0.0,0.0,0.0,0.0,0.0,0.0,0.0,0.0,Matches
289,Will Johnson,CAN,MFDF,Orlando City,31,1987,28,26,2187,24.3,1,1,1,0,0,7,0,0.04,0.04,0.08,0.04,0.08,2.9,2.9,0.8,3.7,0.12,0.03,0.15,0.12,0.15,Matches
290,Derrick Jones,USA,MF,Philadelphia,20,1997,12,3,393,4.4,0,0,0,0,0,2,0,0.0,0.0,0.0,0.0,0.0,0.2,0.2,0.1,0.3,0.05,0.01,0.06,0.05,0.06,Matches
291,Marcel de Jong,CAN,DF,Vancouver,31,1986,19,17,1389,15.4,0,2,0,0,0,3,0,0.0,0.13,0.13,0.0,0.13,0.2,0.2,1.3,1.5,0.01,0.09,0.1,0.01,0.1,Matches
292,Efraín Juárez,MEX,MF,Vancouver,29,1988,16,14,1157,12.9,0,1,0,0,0,4,2,0.0,0.08,0.08,0.0,0.08,0.7,0.7,1.3,2.0,0.05,0.1,0.15,0.05,0.15,Matches
293,Florian Jungwirth,GER,DFMF,San Jose,29,1989,31,27,2401,26.7,3,4,3,0,0,4,0,0.11,0.15,0.26,0.11,0.26,2.1,2.1,1.7,3.9,0.08,0.07,0.14,0.08,0.14,Matches
294,Kaku,PAR,MF,NY Red Bulls,23,1995,30,29,2410,26.8,6,10,4,2,3,5,0,0.22,0.37,0.6,0.15,0.52,5.5,3.3,6.1,9.4,0.21,0.23,0.44,0.12,0.35,Matches
295,Brent Kallman,USA,DF,Minnesota Utd,27,1990,24,22,1953,21.7,0,0,0,0,0,0,0,0.0,0.0,0.0,0.0,0.0,0.8,0.8,0.4,1.2,0.04,0.02,0.05,0.04,0.05,Matches
296,Kei Kamara,SLE,FW,Vancouver,33,1984,28,24,2165,24.1,14,5,11,3,3,5,0,0.58,0.21,0.79,0.46,0.67,15.0,12.7,2.7,15.4,0.62,0.11,0.73,0.53,0.64,Matches
297,Ola Kamara,NOR,FW,LA Galaxy,28,1989,31,30,2689,29.9,14,2,14,0,0,2,0,0.47,0.07,0.54,0.47,0.54,12.8,12.8,4.6,17.4,0.43,0.15,0.58,0.43,0.58,Matches
298,Alec Kann,USA,GK,Atlanta Utd,27,1990,1,1,90,1.0,0,0,0,0,0,0,0,0.0,0.0,0.0,0.0,0.0,0.0,0.0,0.0,0.0,0.0,0.0,0.0,0.0,0.0,Matches
299,Johan Kappelhof,NED,DF,Chicago Fire,27,1990,29,29,2603,28.9,0,2,0,0,0,9,1,0.0,0.07,0.07,0.0,0.07,0.2,0.2,0.3,0.5,0.01,0.01,0.02,0.01,0.02,Matches
300,Guram Kashia,GEO,DF,San Jose,30,1987,12,12,1080,12.0,0,0,0,0,0,3,0,0.0,0.0,0.0,0.0,0.0,0.4,0.4,0.2,0.6,0.03,0.02,0.05,0.03,0.05,Matches
301,Aleksandar Katai,SRB,FWMF,Chicago Fire,26,1991,33,27,2426,27.0,12,3,12,0,0,6,0,0.45,0.11,0.56,0.45,0.56,7.5,7.5,4.8,12.4,0.28,0.18,0.46,0.28,0.46,Matches
302,Mark-Anthony Kaye,CAN,MF,Los Angeles FC,23,1994,20,20,1573,17.5,2,3,2,0,0,3,0,0.11,0.17,0.29,0.11,0.29,1.8,1.8,3.2,5.0,0.11,0.19,0.3,0.11,0.3,Matches
303,Kim Kee-hee,KOR,DF,Seattle,28,1989,29,28,2442,27.1,0,0,0,0,0,4,0,0.0,0.0,0.0,0.0,0.0,0.5,0.5,0.8,1.3,0.02,0.03,0.05,0.02,0.05,Matches
304,Dane Kelly,JAM,MF,D.C. United,26,1991,1,0,4,0.0,0,0,0,0,0,0,0,0.0,0.0,0.0,0.0,0.0,0.0,0.0,0.0,0.0,0.0,0.0,0.0,0.0,0.0,Matches
305,Jon Kempin,USA,GK,Columbus Crew,24,1993,5,5,450,5.0,0,0,0,0,0,0,0,0.0,0.0,0.0,0.0,0.0,0.0,0.0,0.0,0.0,0.0,0.0,0.0,0.0,0.0,Matches
306,Perry Kitchen,USA,MF,LA Galaxy,25,1992,31,27,2337,26.0,0,0,0,0,0,7,0,0.0,0.0,0.0,0.0,0.0,0.7,0.7,0.2,0.8,0.03,0.01,0.03,0.03,0.03,Matches
307,Emrah Klimenta,MNE,DF,LA Galaxy,26,1991,2,2,156,1.7,0,0,0,0,0,0,0,0.0,0.0,0.0,0.0,0.0,0.0,0.0,0.0,0.0,0.0,0.0,0.0,0.0,0.0,Matches
308,Sacha Kljestan,USA,MFFW,Orlando City,32,1985,30,29,2518,28.0,6,5,4,2,3,4,0,0.21,0.18,0.39,0.14,0.32,6.5,4.2,6.4,10.6,0.23,0.23,0.46,0.15,0.38,Matches
309,Brad Knighton,USA,GK,New England,32,1985,7,7,630,7.0,0,0,0,0,0,0,0,0.0,0.0,0.0,0.0,0.0,0.0,0.0,0.0,0.0,0.0,0.0,0.0,0.0,0.0,Matches
310,Aaron Kovar,USA,FWMF,Los Angeles FC,24,1993,11,7,522,5.8,0,2,0,0,0,0,0,0.0,0.34,0.34,0.0,0.34,1.3,1.3,1.1,2.3,0.22,0.19,0.4,0.22,0.4,Matches
311,Kevin Kratz,GER,MFFW,Atlanta Utd,31,1987,27,2,519,5.8,2,0,2,0,0,0,0,0.35,0.0,0.35,0.35,0.35,1.0,1.0,0.5,1.5,0.18,0.08,0.26,0.18,0.26,Matches
312,Damir Kreilach,CRO,MFFW,Real Salt Lake,28,1989,33,31,2779,30.9,12,4,12,0,0,5,0,0.39,0.13,0.52,0.39,0.52,8.9,8.9,2.3,11.2,0.29,0.07,0.36,0.29,0.36,Matches
313,Ken Krolicki,USA,MF,Montreal Impact,21,1996,24,18,1585,17.6,0,0,0,0,0,5,0,0.0,0.0,0.0,0.0,0.0,1.1,1.1,0.5,1.6,0.06,0.03,0.09,0.06,0.09,Matches
314,Ethan Kutler,USA,DFFW,NY Red Bulls,22,1995,4,1,102,1.1,0,1,0,0,0,0,0,0.0,0.88,0.88,0.0,0.88,0.0,0.0,0.4,0.5,0.03,0.38,0.41,0.03,0.41,Matches
315,Wan Kuzain,MAS,MF,Sporting KC,19,1998,6,3,310,3.4,1,0,1,0,0,1,0,0.29,0.0,0.29,0.29,0.29,0.4,0.4,0.0,0.4,0.1,0.0,0.1,0.1,0.1,Matches
316,Connor Lade,USA,DF,NY Red Bulls,28,1989,21,15,1318,14.6,0,1,0,0,0,3,0,0.0,0.07,0.07,0.0,0.07,0.3,0.3,2.4,2.7,0.02,0.16,0.19,0.02,0.19,Matches
317,Roland Lamah,BEL,FWMF,FC Dallas,30,1987,29,21,1859,20.7,8,5,8,0,1,4,0,0.39,0.24,0.63,0.39,0.63,5.3,4.6,4.1,8.6,0.26,0.2,0.46,0.22,0.42,Matches
318,Matt Lampson,USA,GK,Minnesota Utd,28,1989,9,9,810,9.0,0,0,0,0,0,0,0,0.0,0.0,0.0,0.0,0.0,0.0,0.0,0.0,0.0,0.0,0.0,0.0,0.0,0.0,Matches
319,Jeff Larentowicz,USA,MFDF,Atlanta Utd,34,1983,34,33,2769,30.8,1,2,1,0,0,6,0,0.03,0.07,0.1,0.03,0.1,1.5,1.5,0.3,1.8,0.05,0.01,0.06,0.05,0.06,Matches
320,Richie Laryea,CAN,MFFW,Orlando City,23,1995,9,2,258,2.9,0,0,0,0,0,2,0,0.0,0.0,0.0,0.0,0.0,0.3,0.3,0.2,0.6,0.11,0.08,0.2,0.11,0.2,Matches
321,Ariel Lassiter,CRC,FW,LA Galaxy,23,1994,7,1,92,1.0,0,0,0,0,0,0,0,0.0,0.0,0.0,0.0,0.0,0.5,0.5,0.0,0.5,0.47,0.04,0.5,0.47,0.5,Matches
322,Kemar Lawrence,JAM,DF,NY Red Bulls,25,1992,28,27,2436,27.1,2,1,2,0,0,1,0,0.07,0.04,0.11,0.07,0.11,0.7,0.7,1.6,2.3,0.02,0.06,0.08,0.02,0.08,Matches
323,Kelvin Leerdam,SUR,DF,Seattle,27,1990,26,24,1957,21.7,0,4,0,0,0,4,1,0.0,0.18,0.18,0.0,0.18,0.4,0.4,2.9,3.4,0.02,0.14,0.15,0.02,0.15,Matches
324,Michael de Leeuw,NED,FWMF,Chicago Fire,31,1986,9,5,451,5.0,2,1,2,0,0,1,0,0.4,0.2,0.6,0.4,0.6,2.3,2.3,0.5,2.9,0.47,0.1,0.57,0.47,0.57,Matches
325,Brooks Lennon,USA,DF,Real Salt Lake,20,1997,33,32,2847,31.6,0,4,0,0,0,7,0,0.0,0.13,0.13,0.0,0.13,0.4,0.4,3.2,3.6,0.01,0.1,0.11,0.01,0.11,Matches
326,Leonardo,BRA,DF,Houston Dynamo,29,1988,24,19,1773,19.7,1,0,1,0,0,4,0,0.05,0.0,0.05,0.05,0.05,0.2,0.2,0.1,0.3,0.01,0.0,0.01,0.01,0.01,Matches
327,Brett Levis,CAN,DF,Vancouver,24,1993,14,13,953,10.6,0,0,0,0,0,0,0,0.0,0.0,0.0,0.0,0.0,0.0,0.0,0.5,0.5,0.0,0.05,0.05,0.0,0.05,Matches
328,Jonathan Lewis,USA,FWMF,NYCFC,20,1997,14,0,232,2.6,1,2,1,0,0,0,0,0.39,0.78,1.16,0.39,1.16,1.0,1.0,1.7,2.7,0.39,0.67,1.06,0.39,1.06,Matches
329,Grant Lillard,USA,DF,Chicago Fire,22,1995,8,6,564,6.3,0,0,0,0,0,1,0,0.0,0.0,0.0,0.0,0.0,0.0,0.0,0.0,0.0,0.0,0.0,0.0,0.0,0.0,Matches
330,Nick Lima,USA,DF,San Jose,23,1994,34,34,3048,33.9,2,2,2,0,0,2,0,0.06,0.06,0.12,0.06,0.12,0.5,0.5,3.0,3.5,0.02,0.09,0.1,0.02,0.1,Matches
331,Cameron Lindley,USA,MF,Orlando City,20,1997,3,3,200,2.2,0,0,0,0,0,1,0,0.0,0.0,0.0,0.0,0.0,0.0,0.0,0.1,0.1,0.02,0.03,0.05,0.02,0.05,Matches
332,Jaylin Lindsey,USA,DF,Sporting KC,17,2000,7,6,554,6.2,0,0,0,0,0,0,0,0.0,0.0,0.0,0.0,0.0,0.4,0.4,0.5,0.8,0.06,0.07,0.14,0.06,0.14,Matches
333,Sebastian Lletget,USA,MF,LA Galaxy,25,1992,28,21,1878,20.9,3,1,3,0,0,2,0,0.14,0.05,0.19,0.14,0.19,2.6,2.6,2.3,4.9,0.12,0.11,0.24,0.12,0.24,Matches
334,Cristian Lobato,ESP,DFFW,Sporting KC,28,1989,7,3,328,3.6,2,0,2,0,0,0,0,0.55,0.0,0.55,0.55,0.55,1.2,1.2,0.4,1.6,0.33,0.11,0.44,0.33,0.44,Matches
335,Nicolás Lodeiro,URU,MFFW,Seattle,28,1989,27,27,2428,27.0,8,12,3,5,5,3,0,0.3,0.44,0.74,0.11,0.56,6.5,2.7,10.0,12.7,0.24,0.37,0.61,0.1,0.47,Matches
336,Aaron Long,USA,DF,NY Red Bulls,25,1992,34,31,2808,31.2,3,1,3,0,0,1,0,0.1,0.03,0.13,0.1,0.13,1.7,1.7,0.4,2.1,0.05,0.01,0.07,0.05,0.07,Matches
337,Luis López Fernández,HON,GK,Los Angeles FC,24,1993,1,1,90,1.0,0,0,0,0,0,0,0,0.0,0.0,0.0,0.0,0.0,0.0,0.0,0.0,0.0,0.0,0.0,0.0,0.0,0.0,Matches
338,Ricky Lopez-Espin,USA,FW,Real Salt Lake,22,1995,1,0,23,0.3,0,0,0,0,0,0,0,0.0,0.0,0.0,0.0,0.0,0.1,0.1,0.0,0.1,0.34,0.0,0.34,0.34,0.34,Matches
339,Daniel Lovitz,USA,DF,Montreal Impact,26,1991,31,29,2650,29.4,1,3,1,0,0,3,1,0.03,0.1,0.14,0.03,0.14,1.3,1.3,3.4,4.6,0.04,0.11,0.16,0.04,0.16,Matches
340,Jorge Luis Corrales,CUB,DF,Chicago Fire,26,1991,17,15,1293,14.4,0,0,0,0,0,5,0,0.0,0.0,0.0,0.0,0.0,0.1,0.1,0.7,0.9,0.01,0.05,0.06,0.01,0.06,Matches
341,Adam Lundqvist,SWE,DF,Houston Dynamo,23,1994,16,12,1202,13.4,0,0,0,0,0,4,0,0.0,0.0,0.0,0.0,0.0,0.2,0.2,1.1,1.3,0.01,0.08,0.09,0.01,0.09,Matches
342,Larrys Mabiala,COD,DF,Portland Timbers,30,1987,31,31,2744,30.5,5,1,5,0,0,5,0,0.16,0.03,0.2,0.16,0.2,2.5,2.5,0.2,2.8,0.08,0.01,0.09,0.08,0.09,Matches
343,Adolfo Machado,PAN,DF,Houston Dynamo,32,1985,21,18,1697,18.9,0,0,0,0,0,3,0,0.0,0.0,0.0,0.0,0.0,0.1,0.1,0.5,0.7,0.01,0.03,0.03,0.01,0.03,Matches
344,Cristhian Machado,BOL,MF,New England,27,1990,3,2,119,1.3,0,0,0,0,0,1,0,0.0,0.0,0.0,0.0,0.0,0.0,0.0,0.0,0.0,0.0,0.0,0.0,0.0,0.0,Matches
345,Zac MacMath,USA,GK,Colorado Rapids,26,1991,2,1,159,1.8,0,0,0,0,0,0,0,0.0,0.0,0.0,0.0,0.0,0.0,0.0,0.2,0.2,0.0,0.12,0.12,0.0,0.12,Matches
346,Calum Mallace,SCO,MFFW,Los Angeles FC,28,1990,5,0,32,0.4,0,0,0,0,0,0,0,0.0,0.0,0.0,0.0,0.0,0.0,0.0,0.1,0.1,0.06,0.27,0.33,0.06,0.33,Matches
347,Connor Maloney,USA,DF,Columbus Crew,22,1995,1,0,29,0.3,0,1,0,0,0,1,0,0.0,3.1,3.1,0.0,3.1,0.0,0.0,0.2,0.2,0.0,0.47,0.47,0.0,0.47,Matches
348,Michael Mancienne,ENG,DF,New England,30,1988,10,10,900,10.0,0,0,0,0,0,2,0,0.0,0.0,0.0,0.0,0.0,0.1,0.1,0.0,0.1,0.01,0.0,0.01,0.01,0.01,Matches
349,Matteo Mancosu,ITA,FW,Montreal Impact,33,1984,20,14,1097,12.2,3,0,3,0,0,1,0,0.25,0.0,0.25,0.25,0.25,3.6,3.6,0.6,4.3,0.3,0.05,0.35,0.3,0.35,Matches
350,Carter Manley,USA,DF,Minnesota Utd,21,1996,8,4,505,5.6,0,1,0,0,0,0,0,0.0,0.18,0.18,0.0,0.18,0.0,0.0,0.1,0.1,0.0,0.02,0.02,0.0,0.02,Matches
351,Mauro Manotas,COL,FW,Houston Dynamo,22,1995,33,30,2627,29.2,19,0,17,2,2,1,0,0.65,0.0,0.65,0.58,0.58,15.9,14.3,4.3,18.6,0.54,0.15,0.69,0.49,0.64,Matches
352,J.T. Marcinkowski,USA,GK,San Jose,20,1997,5,5,450,5.0,0,0,0,0,0,0,0,0.0,0.0,0.0,0.0,0.0,0.0,0.0,0.0,0.0,0.0,0.0,0.0,0.0,0.0,Matches
353,Stefan Marinovic,NZL,GK,Vancouver,26,1991,24,24,2160,24.0,0,0,0,0,0,3,0,0.0,0.0,0.0,0.0,0.0,0.0,0.0,0.0,0.0,0.0,0.0,0.0,0.0,0.0,Matches
354,Chad Marshall,USA,DF,Seattle,33,1984,30,30,2582,28.7,4,1,4,0,0,0,1,0.14,0.03,0.17,0.14,0.17,2.0,2.0,0.5,2.5,0.07,0.02,0.09,0.07,0.09,Matches
355,Collin Martin,USA,MFFW,Minnesota Utd,23,1994,12,5,521,5.8,0,0,0,0,0,2,0,0.0,0.0,0.0,0.0,0.0,0.2,0.2,0.2,0.4,0.03,0.04,0.07,0.03,0.07,Matches
356,Cristian Martínez,PAN,FW,Columbus Crew,20,1997,14,11,835,9.3,0,2,0,0,0,1,0,0.0,0.22,0.22,0.0,0.22,1.3,1.3,1.2,2.4,0.14,0.12,0.26,0.14,0.26,Matches
357,Enzo Martínez,URU,MF,Colorado Rapids,27,1990,22,15,1407,15.6,0,3,0,0,0,4,0,0.0,0.19,0.19,0.0,0.19,0.9,0.9,1.9,2.8,0.06,0.12,0.18,0.06,0.18,Matches
358,Josef Martínez,VEN,FW,Atlanta Utd,24,1993,34,34,2886,32.1,31,5,23,8,9,1,0,0.97,0.16,1.12,0.72,0.87,30.1,23.2,4.7,27.9,0.94,0.15,1.08,0.72,0.87,Matches
359,Tomás Martínez,ARG,MF,Houston Dynamo,22,1995,32,31,2438,27.1,5,7,5,0,0,5,1,0.18,0.26,0.44,0.18,0.44,6.0,6.0,4.8,10.8,0.22,0.18,0.4,0.22,0.4,Matches
360,Joe Mason,IRL,FWMF,Colorado Rapids,26,1991,14,9,755,8.4,3,0,3,0,0,2,0,0.36,0.0,0.36,0.36,0.36,2.8,2.8,0.3,3.1,0.34,0.04,0.37,0.34,0.37,Matches
361,Rónald Matarrita,CRC,DFFW,NYCFC,23,1994,24,15,1370,15.2,2,1,2,0,0,3,1,0.13,0.07,0.2,0.13,0.2,1.9,1.9,2.4,4.3,0.13,0.16,0.28,0.13,0.28,Matches
362,Darren Mattocks,JAM,FW,D.C. United,27,1990,25,14,1273,14.1,10,0,10,0,1,3,0,0.71,0.0,0.71,0.71,0.71,8.7,8.0,1.4,9.3,0.62,0.1,0.71,0.56,0.66,Matches
363,Aaron Maund,TRI,DF,Vancouver,27,1990,10,10,900,10.0,0,0,0,0,0,0,0,0.0,0.0,0.0,0.0,0.0,0.2,0.2,0.0,0.2,0.02,0.0,0.02,0.02,0.02,Matches
364,Jimmy Maurer,USA,GK,FC Dallas,29,1988,13,13,1170,13.0,0,0,0,0,0,1,0,0.0,0.0,0.0,0.0,0.0,0.0,0.0,0.0,0.0,0.0,0.0,0.0,0.0,0.0,Matches
365,Chris Mavinga,COD,DF,Toronto FC,26,1991,12,11,933,10.4,0,0,0,0,0,2,1,0.0,0.0,0.0,0.0,0.0,0.1,0.1,0.0,0.1,0.01,0.0,0.01,0.01,0.01,Matches
366,Olivier Mbaizo,CMR,DF,Philadelphia,20,1997,1,1,84,0.9,0,0,0,0,0,1,0,0.0,0.0,0.0,0.0,0.0,0.0,0.0,0.0,0.0,0.0,0.0,0.0,0.0,0.0,Matches
367,Jack McBean,USA,FW,Colorado Rapids,23,1994,22,13,1058,11.8,2,1,1,1,1,5,0,0.17,0.09,0.26,0.09,0.17,4.1,3.3,1.2,4.5,0.34,0.11,0.45,0.28,0.39,Matches
368,Chris McCann,IRL,DFMF,Atlanta Utd,30,1987,22,21,1800,20.0,1,0,1,0,0,5,0,0.05,0.0,0.05,0.05,0.05,0.9,0.9,2.0,2.9,0.05,0.1,0.15,0.05,0.15,Matches
369,John McCarthy,USA,GK,Philadelphia,25,1992,1,1,90,1.0,0,0,0,0,0,0,0,0.0,0.0,0.0,0.0,0.0,0.0,0.0,0.0,0.0,0.0,0.0,0.0,0.0,0.0,Matches
370,Dax McCarty,USA,MF,Chicago Fire,30,1987,26,26,2255,25.1,0,2,0,0,0,5,0,0.0,0.08,0.08,0.0,0.08,0.3,0.3,1.1,1.4,0.01,0.04,0.06,0.01,0.06,Matches
371,Jordan McCrary,USA,DF,Seattle,24,1993,14,9,879,9.8,0,0,0,0,0,4,1,0.0,0.0,0.0,0.0,0.0,0.3,0.3,0.0,0.3,0.03,0.0,0.03,0.03,0.03,Matches
372,Mark McKenzie,USA,DF,Philadelphia,18,1999,19,18,1629,18.1,0,0,0,0,0,4,0,0.0,0.0,0.0,0.0,0.0,0.8,0.8,0.3,1.1,0.04,0.02,0.06,0.04,0.06,Matches
373,Patrick McLain,USA,GK,Chicago Fire,29,1988,5,5,403,4.5,0,0,0,0,0,0,0,0.0,0.0,0.0,0.0,0.0,0.0,0.0,0.0,0.0,0.0,0.0,0.0,0.0,0.0,Matches
374,Thomas McNamara,USA,MFFW,NYCFC,26,1991,10,4,371,4.1,0,0,0,0,0,4,0,0.0,0.0,0.0,0.0,0.0,0.5,0.5,0.1,0.6,0.12,0.03,0.15,0.12,0.15,Matches
375,Ryan Meara,USA,GK,NY Red Bulls,27,1990,3,3,270,3.0,0,0,0,0,0,1,0,0.0,0.0,0.0,0.0,0.0,0.0,0.0,0.0,0.0,0.0,0.0,0.0,0.0,0.0,Matches
376,Tyrone Mears,JAM,DF,Minnesota Utd,34,1983,11,10,882,9.8,1,0,1,0,0,2,0,0.1,0.0,0.1,0.1,0.1,0.2,0.2,0.7,0.9,0.02,0.07,0.09,0.02,0.09,Matches
377,Jesús Medina,PAR,FWMF,NYCFC,20,1997,28,21,2004,22.3,6,4,6,0,0,1,0,0.27,0.18,0.45,0.27,0.45,6.6,6.6,3.9,10.5,0.31,0.18,0.5,0.31,0.5,Matches
378,Jimmy Medranda,COL,DFMF,Sporting KC,23,1994,12,8,727,8.1,2,1,2,0,0,1,0,0.25,0.12,0.37,0.25,0.37,0.9,0.9,0.9,1.8,0.11,0.11,0.22,0.11,0.22,Matches
379,Haris Medunjanin,BIH,MF,Philadelphia,32,1985,30,29,2527,28.1,2,4,2,0,0,6,1,0.07,0.14,0.21,0.07,0.21,2.5,2.5,5.8,8.3,0.09,0.21,0.3,0.09,0.3,Matches
380,Lucas Melano,ARG,FWMF,Portland Timbers,24,1993,7,1,147,1.6,1,1,1,0,0,1,0,0.61,0.61,1.22,0.61,1.22,1.0,1.0,0.4,1.4,0.63,0.23,0.86,0.63,0.86,Matches
381,Tim Melia,USA,GK,Sporting KC,31,1986,34,34,3060,34.0,0,0,0,0,0,2,0,0.0,0.0,0.0,0.0,0.0,0.0,0.0,0.0,0.0,0.0,0.0,0.0,0.0,0.0,Matches
382,Jonathan Mensah,GHA,DF,Columbus Crew,27,1990,27,26,2347,26.1,1,0,1,0,0,7,0,0.04,0.0,0.04,0.04,0.04,1.6,1.6,0.2,1.9,0.06,0.01,0.07,0.06,0.07,Matches
383,Justin Meram,IRQ,FW,Columbus Crew,29,1988,9,7,594,6.6,1,0,1,0,0,0,0,0.15,0.0,0.15,0.15,0.15,1.7,1.7,0.6,2.3,0.26,0.08,0.35,0.26,0.35,Matches
384,Justin Meram,IRQ,FW,Orlando City,29,1988,17,14,1269,14.1,1,2,1,0,1,0,0,0.07,0.14,0.21,0.07,0.21,3.9,3.1,3.3,6.4,0.27,0.23,0.51,0.22,0.46,Matches
385,Bryan Meredith,USA,GK,Seattle,28,1989,1,1,90,1.0,0,0,0,0,0,0,0,0.0,0.0,0.0,0.0,0.0,0.0,0.0,0.0,0.0,0.0,0.0,0.0,0.0,0.0,Matches
386,Nicolás Mezquida,URU,FWMF,Vancouver,26,1992,21,9,971,10.8,3,1,3,0,0,0,0,0.28,0.09,0.37,0.28,0.37,2.6,2.6,0.9,3.6,0.25,0.08,0.33,0.25,0.33,Matches
387,Djordje Mihailovic,USA,MFFW,Chicago Fire,19,1998,9,8,575,6.4,1,3,1,0,0,0,0,0.16,0.47,0.63,0.16,0.63,0.5,0.5,2.0,2.6,0.09,0.32,0.4,0.09,0.4,Matches
388,Eric Miller,USA,DFMF,Minnesota Utd,25,1993,18,13,1145,12.7,0,1,0,0,0,3,0,0.0,0.08,0.08,0.0,0.08,0.0,0.0,0.6,0.7,0.0,0.05,0.05,0.0,0.05,Matches
389,Tyler Miller,USA,GK,Los Angeles FC,24,1993,33,33,2970,33.0,0,0,0,0,0,3,0,0.0,0.0,0.0,0.0,0.0,0.0,0.0,0.1,0.1,0.0,0.0,0.0,0.0,0.0,Matches
390,Ben Mines,USA,FW,NY Red Bulls,17,2000,1,1,90,1.0,1,0,1,0,0,1,0,1.0,0.0,1.0,1.0,1.0,0.4,0.4,0.1,0.4,0.38,0.05,0.43,0.38,0.43,Matches
391,Mariano Miño,ARG,FW,Toronto FC,23,1994,1,0,26,0.3,0,0,0,0,0,0,0,0.0,0.0,0.0,0.0,0.0,0.0,0.0,0.0,0.0,0.0,0.0,0.0,0.0,0.0,Matches
392,Bruno Miranda,BOL,MF,D.C. United,19,1998,7,0,93,1.0,0,0,0,0,0,1,0,0.0,0.0,0.0,0.0,0.0,0.1,0.1,0.0,0.1,0.09,0.0,0.09,0.09,0.09,Matches
393,Kevin Molino,TRI,MF,Minnesota Utd,27,1990,2,2,139,1.5,2,1,2,0,0,0,0,1.29,0.65,1.94,1.29,1.94,0.4,0.4,0.4,0.8,0.26,0.27,0.53,0.26,0.53,Matches
394,Mohamed El Monir,LBY,DF,Orlando City,25,1992,26,23,2089,23.2,0,2,0,0,0,7,1,0.0,0.09,0.09,0.0,0.09,0.9,0.9,2.0,2.9,0.04,0.08,0.12,0.04,0.12,Matches
395,Drew Moor,USA,DF,Toronto FC,34,1984,8,6,570,6.3,0,0,0,0,0,0,0,0.0,0.0,0.0,0.0,0.0,0.0,0.0,0.0,0.0,0.0,0.0,0.0,0.0,0.0,Matches
396,Joseph Mora,CRC,DF,D.C. United,25,1993,30,28,2521,28.0,0,1,0,0,0,3,1,0.0,0.04,0.04,0.0,0.04,0.2,0.2,0.9,1.1,0.01,0.03,0.04,0.01,0.04,Matches
397,Maximiliano Moralez,ARG,MFFW,NYCFC,30,1987,32,32,2813,31.3,8,9,7,1,1,4,0,0.26,0.29,0.54,0.22,0.51,11.0,10.2,8.8,19.0,0.36,0.29,0.65,0.34,0.63,Matches
398,Junior Moreno,VEN,MF,D.C. United,24,1993,20,17,1529,17.0,0,1,0,0,0,1,0,0.0,0.06,0.06,0.0,0.06,0.1,0.1,1.1,1.2,0.01,0.07,0.07,0.01,0.07,Matches
399,Ashtone Morgan,CAN,DFMF,Toronto FC,26,1991,18,11,1012,11.2,0,1,0,0,0,3,0,0.0,0.09,0.09,0.0,0.09,0.1,0.1,0.1,0.2,0.01,0.01,0.02,0.01,0.02,Matches
400,Justin Morrow,USA,DFMF,Toronto FC,30,1987,21,20,1789,19.9,1,3,1,0,0,3,0,0.05,0.15,0.2,0.05,0.2,1.7,1.7,2.2,3.9,0.09,0.11,0.2,0.09,0.2,Matches
401,João Moutinho,POR,DF,Los Angeles FC,20,1998,14,10,871,9.7,1,0,1,0,0,3,1,0.1,0.0,0.1,0.1,0.1,0.2,0.2,0.6,0.8,0.02,0.06,0.08,0.02,0.08,Matches
402,Yura Movsisyan,ARM,FWMF,Chicago Fire,30,1987,4,0,62,0.7,0,0,0,0,0,0,0,0.0,0.0,0.0,0.0,0.0,0.0,0.0,0.0,0.0,0.03,0.0,0.03,0.03,0.03,Matches
403,Chris Mueller,USA,FWMF,Orlando City,21,1996,32,23,2050,22.8,3,4,3,0,0,2,0,0.13,0.18,0.31,0.13,0.31,3.9,3.9,3.4,7.3,0.17,0.15,0.32,0.17,0.32,Matches
404,Luke Mulholland,ENG,MF,Real Salt Lake,29,1988,2,1,91,1.0,0,1,0,0,0,0,0,0.0,0.99,0.99,0.0,0.99,0.0,0.0,0.1,0.1,0.0,0.13,0.13,0.0,0.13,Matches
405,Patrick Mullins,USA,FWMF,D.C. United,25,1992,10,2,230,2.6,0,1,0,0,0,0,0,0.0,0.39,0.39,0.0,0.39,0.1,0.1,1.0,1.1,0.05,0.38,0.43,0.05,0.43,Matches
406,Patrick Mullins,USA,MFFW,Columbus Crew,25,1992,10,2,293,3.3,1,1,1,0,0,0,0,0.31,0.31,0.61,0.31,0.61,1.9,1.9,0.0,1.9,0.57,0.0,0.57,0.57,0.57,Matches
407,Jordon Mutch,ENG,MFFW,Vancouver,26,1991,18,8,832,9.2,2,2,2,0,0,1,0,0.22,0.22,0.43,0.22,0.43,1.5,1.5,1.7,3.1,0.16,0.18,0.34,0.16,0.34,Matches
408,Alex Muyl,USA,FWMF,NY Red Bulls,22,1995,30,13,1291,14.3,3,5,3,0,0,6,0,0.21,0.35,0.56,0.21,0.56,3.7,3.7,3.3,7.0,0.26,0.23,0.49,0.26,0.49,Matches
409,Darlington Nagbe,USA,MF,Atlanta Utd,27,1990,23,23,1965,21.8,0,1,0,0,0,0,0,0.0,0.05,0.05,0.0,0.05,0.7,0.7,2.3,3.0,0.03,0.1,0.14,0.03,0.14,Matches
410,Hassan Ndam,CMR,DF,NY Red Bulls,19,1998,1,1,90,1.0,0,0,0,0,0,0,0,0.0,0.0,0.0,0.0,0.0,0.0,0.0,0.0,0.0,0.0,0.0,0.0,0.0,0.0,Matches
411,Lamar Neagle,USA,FWMF,Seattle,30,1987,6,0,115,1.3,0,0,0,0,0,1,0,0.0,0.0,0.0,0.0,0.0,0.6,0.6,0.1,0.6,0.45,0.04,0.49,0.45,0.49,Matches
412,Anton Nedyalkov,BUL,DF,FC Dallas,24,1993,9,9,769,8.5,0,1,0,0,0,1,0,0.0,0.12,0.12,0.0,0.12,0.2,0.2,0.2,0.5,0.03,0.03,0.06,0.03,0.06,Matches
413,Krisztián Németh,HUN,FWMF,New England,29,1989,15,4,473,5.3,0,2,0,0,0,1,0,0.0,0.38,0.38,0.0,0.38,1.1,1.1,0.5,1.6,0.21,0.1,0.31,0.21,0.31,Matches
414,Krisztián Németh,HUN,FW,Sporting KC,29,1989,9,4,388,4.3,1,1,1,0,0,0,0,0.23,0.23,0.46,0.23,0.46,3.4,3.4,0.6,4.0,0.78,0.14,0.92,0.78,0.92,Matches
415,Jake Nerwinski,USA,DF,Vancouver,23,1994,26,24,2214,24.6,0,1,0,0,0,2,0,0.0,0.04,0.04,0.0,0.04,0.1,0.1,1.8,1.9,0.01,0.07,0.08,0.01,0.08,Matches
416,Lee Nguyen,USA,MFFW,Los Angeles FC,31,1986,25,20,1831,20.3,3,3,3,0,0,4,1,0.15,0.15,0.29,0.15,0.29,1.2,1.2,3.4,4.6,0.06,0.17,0.23,0.06,0.23,Matches
417,Sam Nicholson,SCO,FW,Minnesota Utd,23,1995,8,6,523,5.8,1,0,1,0,0,0,0,0.17,0.0,0.17,0.17,0.17,1.4,1.4,0.5,1.9,0.25,0.08,0.33,0.25,0.33,Matches
418,Sam Nicholson,SCO,FWMF,Colorado Rapids,23,1995,19,19,1516,16.8,2,0,2,0,0,3,0,0.12,0.0,0.12,0.12,0.12,1.7,1.7,0.9,2.6,0.1,0.05,0.15,0.1,0.15,Matches
419,Nemanja Nikolić,HUN,FW,Chicago Fire,30,1987,31,29,2435,27.1,15,1,12,3,3,2,0,0.55,0.04,0.59,0.44,0.48,12.5,10.2,3.5,13.6,0.46,0.13,0.59,0.38,0.5,Matches
420,Shane O'Neill,USA,DF,Orlando City,24,1993,13,13,1117,12.4,0,0,0,0,0,0,1,0.0,0.0,0.0,0.0,0.0,0.3,0.3,0.0,0.3,0.02,0.0,0.03,0.02,0.03,Matches
421,Jimmy Ockford,USA,DF,San Jose,25,1992,15,11,1087,12.1,0,0,0,0,0,3,0,0.0,0.0,0.0,0.0,0.0,0.6,0.6,0.3,0.9,0.05,0.02,0.07,0.05,0.07,Matches
422,Chris Odoi-Atsem,USA,DF,D.C. United,22,1995,1,0,13,0.1,0,0,0,0,0,0,0,0.0,0.0,0.0,0.0,0.0,0.1,0.1,0.1,0.2,0.67,0.58,1.24,0.67,1.24,Matches
423,Dominic Oduro,GHA,FWDF,Montreal Impact,32,1985,5,0,36,0.4,0,0,0,0,0,0,0,0.0,0.0,0.0,0.0,0.0,0.1,0.1,0.0,0.1,0.26,0.0,0.26,0.26,0.26,Matches
424,Dominic Oduro,GHA,FWMF,San Jose,32,1985,5,0,34,0.4,0,0,0,0,0,0,0,0.0,0.0,0.0,0.0,0.0,0.0,0.0,0.1,0.1,0.0,0.19,0.19,0.0,0.19,Matches
425,Ebenezer Ofori,GHA,MF,NYCFC,22,1995,27,21,1895,21.1,1,0,1,0,0,3,1,0.05,0.0,0.05,0.05,0.05,1.0,1.0,0.3,1.3,0.05,0.01,0.06,0.05,0.06,Matches
426,Lawrence Olum,KEN,MFDF,Portland Timbers,33,1984,22,18,1630,18.1,1,0,1,0,0,3,1,0.06,0.0,0.06,0.06,0.06,0.6,0.6,0.2,0.8,0.03,0.01,0.04,0.03,0.04,Matches
427,Wyatt Omsberg,USA,DF,Minnesota Utd,22,1995,7,4,387,4.3,0,0,0,0,0,1,0,0.0,0.0,0.0,0.0,0.0,0.0,0.0,0.0,0.0,0.0,0.0,0.0,0.0,0.0,Matches
428,Nedum Onuoha,ENG,DF,Real Salt Lake,31,1986,2,1,93,1.0,0,1,0,0,0,0,0,0.0,0.97,0.97,0.0,0.97,0.1,0.1,0.0,0.1,0.06,0.0,0.06,0.06,0.06,Matches
429,Ike Opara,USA,DF,Sporting KC,28,1989,31,31,2772,30.8,3,2,3,0,0,6,0,0.1,0.06,0.16,0.1,0.16,3.3,3.3,0.8,4.2,0.11,0.03,0.14,0.11,0.14,Matches
430,Kofi Opare,CAN,DF,D.C. United,27,1990,11,10,862,9.6,0,0,0,0,0,1,0,0.0,0.0,0.0,0.0,0.0,0.6,0.6,0.0,0.6,0.06,0.0,0.06,0.06,0.06,Matches
431,Edward Opoku,USA,FW,Columbus Crew,21,1996,5,1,153,1.7,0,0,0,0,0,0,0,0.0,0.0,0.0,0.0,0.0,0.2,0.2,0.3,0.5,0.14,0.19,0.32,0.14,0.32,Matches
432,Alfredo Ortuño,ESP,FW,Real Salt Lake,27,1991,3,1,119,1.3,0,0,0,0,0,0,0,0.0,0.0,0.0,0.0,0.0,0.0,0.0,0.0,0.0,0.0,0.01,0.01,0.0,0.01,Matches
433,Jonathan Osorio,CAN,MFFW,Toronto FC,25,1992,30,30,2599,28.9,10,6,10,0,0,6,0,0.35,0.21,0.55,0.35,0.55,7.9,7.9,5.7,13.6,0.27,0.2,0.47,0.27,0.47,Matches
434,David Ousted,DEN,GK,D.C. United,32,1985,17,17,1530,17.0,0,0,0,0,0,0,0,0.0,0.0,0.0,0.0,0.0,0.0,0.0,0.0,0.0,0.0,0.0,0.0,0.0,0.0,Matches
435,Rodrigo Pacheco,ARG,FW,Los Angeles FC,21,1996,1,0,18,0.2,0,0,0,0,0,0,0,0.0,0.0,0.0,0.0,0.0,0.0,0.0,0.0,0.0,0.0,0.0,0.0,0.0,0.0,Matches
436,Frantz Pangop,CMR,FWMF,Minnesota Utd,24,1993,9,1,181,2.0,0,0,0,0,0,0,0,0.0,0.0,0.0,0.0,0.0,0.1,0.1,0.5,0.6,0.07,0.23,0.3,0.07,0.3,Matches
437,Cristhian Paredes,PAR,MF,Portland Timbers,19,1998,19,18,1407,15.6,1,2,1,0,0,1,0,0.06,0.13,0.19,0.06,0.19,1.7,1.7,1.0,2.6,0.11,0.06,0.17,0.11,0.17,Matches
438,Tim Parker,USA,DF,NY Red Bulls,24,1993,29,29,2610,29.0,1,2,1,0,0,5,0,0.03,0.07,0.1,0.03,0.1,2.7,2.7,1.3,4.0,0.09,0.04,0.14,0.09,0.14,Matches
439,Michael Parkhurst,USA,DF,Atlanta Utd,34,1984,33,32,2902,32.2,0,0,0,0,0,6,0,0.0,0.0,0.0,0.0,0.0,0.0,0.0,0.7,0.7,0.0,0.02,0.02,0.0,0.02,Matches
440,Kevin Partida,USA,DF,San Jose,22,1995,4,4,288,3.2,0,0,0,0,0,2,1,0.0,0.0,0.0,0.0,0.0,0.0,0.0,0.0,0.0,0.0,0.0,0.0,0.0,0.0,Matches
441,PC,BRA,DFMF,Orlando City,23,1994,8,5,418,4.6,0,0,0,0,0,1,1,0.0,0.0,0.0,0.0,0.0,0.4,0.4,0.5,0.9,0.08,0.12,0.2,0.08,0.2,Matches
442,Taylor Peay,USA,DF,Real Salt Lake,26,1991,1,0,1,0.0,0,0,0,0,0,0,0,0.0,0.0,0.0,0.0,0.0,0.0,0.0,0.0,0.0,0.0,0.0,0.0,0.0,0.0,Matches
443,João Pedro,POR,MF,LA Galaxy,24,1993,3,1,85,0.9,0,0,0,0,0,1,0,0.0,0.0,0.0,0.0,0.0,0.0,0.0,0.1,0.1,0.0,0.06,0.06,0.0,0.06,Matches
444,Marquinhos Pedroso,BRA,DF,FC Dallas,24,1993,13,13,1170,13.0,0,0,0,0,0,3,0,0.0,0.0,0.0,0.0,0.0,0.2,0.2,0.5,0.7,0.02,0.05,0.06,0.02,0.06,Matches
445,Ronaldo Peña,VEN,FW,Houston Dynamo,20,1997,9,2,226,2.5,1,0,1,0,0,3,1,0.4,0.0,0.4,0.4,0.4,0.3,0.3,0.3,0.6,0.12,0.13,0.25,0.12,0.25,Matches
446,Cristian Penilla,ECU,FWMF,New England,26,1991,33,33,2811,31.2,12,7,11,1,1,2,1,0.38,0.22,0.61,0.35,0.58,7.7,7.0,4.9,11.9,0.25,0.16,0.41,0.22,0.38,Matches
447,Joshua Pérez,SLV,MF,Los Angeles FC,20,1998,2,0,23,0.3,0,0,0,0,0,0,0,0.0,0.0,0.0,0.0,0.0,0.0,0.0,0.0,0.0,0.0,0.0,0.0,0.0,0.0,Matches
448,Michael Petrasso,CAN,DF,Montreal Impact,22,1995,14,8,787,8.7,0,0,0,0,0,2,0,0.0,0.0,0.0,0.0,0.0,0.1,0.1,0.6,0.6,0.01,0.07,0.07,0.01,0.07,Matches
449,Demar Phillips,JAM,DF,Real Salt Lake,34,1983,5,5,358,4.0,0,0,0,0,0,2,0,0.0,0.0,0.0,0.0,0.0,0.0,0.0,0.0,0.0,0.01,0.0,0.01,0.01,0.01,Matches
450,Ignacio Piatti,ARG,FW,Montreal Impact,32,1985,32,32,2817,31.3,16,11,12,4,4,2,0,0.51,0.35,0.86,0.38,0.73,11.3,8.3,7.1,15.3,0.36,0.23,0.59,0.26,0.49,Matches
451,Fafà Picault,USA,FW,Philadelphia,26,1991,29,24,2189,24.3,10,4,7,3,4,7,0,0.41,0.16,0.58,0.29,0.45,9.4,6.4,2.7,9.1,0.39,0.11,0.5,0.26,0.38,Matches
452,Samuel Piette,CAN,MF,Montreal Impact,23,1994,34,34,2998,33.3,0,3,0,0,0,5,0,0.0,0.09,0.09,0.0,0.09,0.3,0.3,1.3,1.6,0.01,0.04,0.05,0.01,0.05,Matches
453,Stefano Pinho,BRA,FWMF,Orlando City,27,1991,23,5,608,6.8,2,0,2,0,0,0,0,0.3,0.0,0.3,0.3,0.3,2.9,2.9,0.1,3.0,0.43,0.01,0.44,0.43,0.44,Matches
454,Joao Plata,ECU,FW,Real Salt Lake,25,1992,25,20,1717,19.1,8,8,6,2,3,0,0,0.42,0.42,0.84,0.31,0.73,6.8,4.4,5.9,10.4,0.36,0.31,0.67,0.23,0.54,Matches
455,Andy Polo,PER,MFFW,Portland Timbers,23,1994,23,18,1630,18.1,1,2,1,0,0,2,0,0.06,0.11,0.17,0.06,0.17,2.2,2.2,1.5,3.7,0.12,0.08,0.2,0.12,0.2,Matches
456,Matt Polster,USA,DF,Chicago Fire,24,1993,3,1,128,1.4,0,0,0,0,0,0,0,0.0,0.0,0.0,0.0,0.0,0.1,0.1,0.0,0.1,0.07,0.03,0.1,0.07,0.1,Matches
457,Paxton Pomykal,USA,MFFW,FC Dallas,18,1999,6,1,127,1.4,0,0,0,0,0,0,0,0.0,0.0,0.0,0.0,0.0,0.0,0.0,0.2,0.2,0.0,0.16,0.16,0.0,0.16,Matches
458,Chris Pontius,USA,FWDF,LA Galaxy,30,1987,26,15,1490,16.6,5,6,5,0,0,3,0,0.3,0.36,0.66,0.3,0.66,2.5,2.5,2.2,4.7,0.15,0.14,0.28,0.15,0.28,Matches
459,Alvas Powell,JAM,DF,Portland Timbers,23,1994,24,24,2064,22.9,2,2,2,0,0,1,0,0.09,0.09,0.17,0.09,0.17,1.7,1.7,1.1,2.9,0.08,0.05,0.13,0.08,0.13,Matches
460,Dillon Powers,USA,MFFW,Orlando City,26,1991,3,0,71,0.8,0,0,0,0,0,0,0,0.0,0.0,0.0,0.0,0.0,0.0,0.0,0.1,0.1,0.0,0.08,0.08,0.0,0.08,Matches
461,Jack Price,ENG,MF,Colorado Rapids,25,1992,31,31,2748,30.5,1,2,1,0,1,9,0,0.03,0.07,0.1,0.03,0.1,1.8,1.0,2.5,3.5,0.06,0.08,0.14,0.03,0.12,Matches
462,Andrew Putna,USA,GK,Real Salt Lake,23,1994,2,1,135,1.5,0,0,0,0,0,0,0,0.0,0.0,0.0,0.0,0.0,0.0,0.0,0.0,0.0,0.0,0.0,0.0,0.0,0.0,Matches
463,Valeri Qazaishvili,GEO,FWMF,San Jose,25,1993,33,31,2710,30.1,10,4,10,0,0,0,0,0.33,0.13,0.46,0.33,0.46,9.4,9.4,4.0,13.4,0.31,0.13,0.44,0.31,0.44,Matches
464,Yeferson Quintana,URU,DF,San Jose,21,1996,13,10,791,8.8,1,0,1,0,0,3,0,0.11,0.0,0.11,0.11,0.11,0.8,0.8,0.1,0.9,0.09,0.01,0.1,0.09,0.1,Matches
465,Darwin Quintero,COL,MFFW,Minnesota Utd,30,1987,27,27,2392,26.6,11,12,10,1,1,3,0,0.41,0.45,0.87,0.38,0.83,7.4,6.6,8.8,15.5,0.28,0.33,0.61,0.25,0.58,Matches
466,Romell Quioto,HON,FWMF,Houston Dynamo,26,1991,32,25,2245,24.9,6,9,6,0,0,3,0,0.24,0.36,0.6,0.24,0.6,8.8,8.8,5.3,14.2,0.35,0.21,0.57,0.35,0.57,Matches
467,Joel Qwiberg,SWE,DF,San Jose,25,1992,5,5,374,4.2,0,0,0,0,0,0,0,0.0,0.0,0.0,0.0,0.0,0.0,0.0,0.2,0.2,0.0,0.04,0.04,0.0,0.04,Matches
468,Jukka Raitala,FIN,DF,Montreal Impact,29,1988,28,25,2291,25.5,1,2,1,0,0,2,0,0.04,0.08,0.12,0.04,0.12,0.4,0.4,0.4,0.8,0.02,0.01,0.03,0.02,0.03,Matches
469,Christian Ramirez,USA,FW,Minnesota Utd,26,1991,20,17,1372,15.2,7,2,7,0,0,0,0,0.46,0.13,0.59,0.46,0.59,6.0,6.0,0.5,6.5,0.39,0.04,0.43,0.39,0.43,Matches
470,Christian Ramirez,USA,FW,Los Angeles FC,26,1991,7,3,262,2.9,2,0,2,0,0,0,0,0.69,0.0,0.69,0.69,0.69,1.5,1.5,0.0,1.5,0.51,0.01,0.52,0.51,0.52,Matches
471,Rafael Ramos,POR,DF,Chicago Fire,23,1995,3,1,106,1.2,0,0,0,0,0,1,0,0.0,0.0,0.0,0.0,0.0,0.0,0.0,0.0,0.0,0.0,0.0,0.0,0.0,0.0,Matches
472,Matthew Real,USA,DF,Philadelphia,18,1999,3,3,234,2.6,0,0,0,0,0,1,0,0.0,0.0,0.0,0.0,0.0,0.0,0.0,0.3,0.3,0.01,0.12,0.12,0.01,0.12,Matches
473,Kristoffer Reaves,USA,DF,FC Dallas,22,1995,2,2,167,1.9,0,0,0,0,0,0,0,0.0,0.0,0.0,0.0,0.0,0.0,0.0,0.0,0.0,0.0,0.0,0.0,0.0,0.0,Matches
474,Tommy Redding,USA,DF,NY Red Bulls,21,1997,1,1,90,1.0,0,0,0,0,0,0,0,0.0,0.0,0.0,0.0,0.0,0.0,0.0,0.0,0.0,0.0,0.0,0.0,0.0,0.0,Matches
475,Eric Remedi,ARG,MF,Atlanta Utd,22,1995,13,12,1094,12.2,0,0,0,0,0,3,0,0.0,0.0,0.0,0.0,0.0,0.7,0.7,1.1,1.8,0.05,0.09,0.15,0.05,0.15,Matches
476,Yordy Reyna,PER,FWMF,Vancouver,24,1993,26,21,1871,20.8,6,9,5,1,1,9,2,0.29,0.43,0.72,0.24,0.67,6.0,5.3,6.8,12.1,0.29,0.33,0.62,0.25,0.58,Matches
477,Tosaint Ricketts,CAN,FWMF,Toronto FC,30,1987,18,4,611,6.8,3,0,3,0,0,1,0,0.44,0.0,0.44,0.44,0.44,4.8,4.8,0.6,5.5,0.71,0.1,0.81,0.71,0.81,Matches
478,Liam Ridgewell,ENG,DF,Portland Timbers,33,1984,13,13,1084,12.0,0,0,0,0,0,2,1,0.0,0.0,0.0,0.0,0.0,0.2,0.2,0.2,0.4,0.01,0.02,0.03,0.01,0.03,Matches
479,Nick Rimando,USA,GK,Real Salt Lake,38,1979,33,33,2925,32.5,0,0,0,0,0,0,0,0.0,0.0,0.0,0.0,0.0,0.0,0.0,0.0,0.0,0.0,0.0,0.0,0.0,0.0,Matches
480,Alexander Ring,FIN,MFDF,NYCFC,26,1991,30,29,2607,29.0,2,0,2,0,0,10,0,0.07,0.0,0.07,0.07,0.07,1.1,1.1,1.6,2.7,0.04,0.06,0.1,0.04,0.1,Matches
481,Carlos Rivas,COL,FW,NY Red Bulls,23,1994,5,3,265,2.9,2,0,2,0,0,0,0,0.68,0.0,0.68,0.68,0.68,1.5,1.5,0.1,1.6,0.51,0.02,0.53,0.51,0.53,Matches
482,Jalen Robinson,USA,DF,D.C. United,23,1994,5,5,345,3.8,0,0,0,0,0,0,0,0.0,0.0,0.0,0.0,0.0,0.0,0.0,0.0,0.0,0.0,0.01,0.01,0.0,0.01,Matches
483,Miles Robinson,USA,DF,Atlanta Utd,20,1997,10,3,277,3.1,0,0,0,0,0,0,0,0.0,0.0,0.0,0.0,0.0,0.3,0.3,0.0,0.3,0.08,0.0,0.08,0.08,0.08,Matches
484,Luis Robles,USA,GK,NY Red Bulls,33,1984,31,31,2790,31.0,0,0,0,0,0,1,0,0.0,0.0,0.0,0.0,0.0,0.0,0.0,0.0,0.0,0.0,0.0,0.0,0.0,0.0,Matches
485,Tony Rocha,BLZ,DFMF,Orlando City,24,1993,12,9,819,9.1,0,2,0,0,0,1,0,0.0,0.22,0.22,0.0,0.22,0.8,0.8,1.0,1.8,0.08,0.11,0.2,0.08,0.2,Matches
486,Angelo Rodríguez,COL,FW,Minnesota Utd,28,1989,11,10,868,9.6,4,1,4,0,0,1,0,0.41,0.1,0.52,0.41,0.52,4.5,4.5,1.1,5.5,0.47,0.11,0.57,0.47,0.57,Matches
487,Memo Rodriguez,USA,FWMF,Houston Dynamo,22,1995,19,6,656,7.3,1,0,1,0,0,1,0,0.14,0.0,0.14,0.14,0.14,0.9,0.9,0.8,1.7,0.12,0.11,0.23,0.12,0.23,Matches
488,Víctor Rodríguez,ESP,FWMF,Seattle,28,1989,19,14,1257,14.0,5,3,5,0,0,0,0,0.36,0.21,0.57,0.36,0.57,4.5,4.5,2.3,6.8,0.32,0.17,0.49,0.32,0.49,Matches
489,Alex Roldan,SLV,FWMF,Seattle,21,1996,19,7,739,8.2,0,0,0,0,0,2,0,0.0,0.0,0.0,0.0,0.0,0.8,0.8,0.2,1.1,0.1,0.03,0.13,0.1,0.13,Matches
490,Cristian Roldan,USA,MFFW,Seattle,22,1995,34,34,3052,33.9,4,6,4,0,0,4,0,0.12,0.18,0.29,0.12,0.29,2.9,2.9,3.4,6.2,0.08,0.1,0.18,0.08,0.18,Matches
491,David Romney,USA,DF,LA Galaxy,24,1993,28,26,2354,26.2,1,2,1,0,0,3,0,0.04,0.08,0.11,0.04,0.11,0.3,0.3,0.8,1.1,0.01,0.03,0.04,0.01,0.04,Matches
492,Wayne Rooney,ENG,FW,D.C. United,32,1985,20,18,1639,18.2,12,6,9,3,3,1,0,0.66,0.33,0.99,0.49,0.82,11.2,8.9,3.7,12.6,0.62,0.2,0.82,0.49,0.69,Matches
493,Oriol Rosell,ESP,MF,Orlando City,25,1992,22,18,1704,18.9,0,1,0,0,0,6,0,0.0,0.05,0.05,0.0,0.05,0.7,0.7,1.1,1.8,0.04,0.06,0.09,0.04,0.09,Matches
494,Keegan Rosenberry,USA,DF,Philadelphia,24,1993,32,31,2773,30.8,1,3,1,0,0,3,0,0.03,0.1,0.13,0.03,0.13,1.3,1.3,1.6,2.9,0.04,0.05,0.09,0.04,0.09,Matches
495,Diego Rossi,URU,FW,Los Angeles FC,19,1998,32,30,2599,28.9,12,6,12,0,0,0,0,0.42,0.21,0.62,0.42,0.62,12.4,12.4,4.8,17.2,0.45,0.17,0.62,0.45,0.62,Matches
496,Brian Rowe,USA,GK,Vancouver,29,1988,10,10,900,10.0,0,0,0,0,0,0,0,0.0,0.0,0.0,0.0,0.0,0.0,0.0,0.1,0.1,0.0,0.01,0.01,0.0,0.01,Matches
497,Kelyn Rowe,USA,MFFW,New England,26,1991,27,18,1611,17.9,1,2,1,0,0,6,0,0.06,0.11,0.17,0.06,0.17,1.6,1.6,2.6,4.2,0.09,0.15,0.23,0.09,0.23,Matches
498,Daniel Royer,AUT,FW,NY Red Bulls,27,1990,29,24,2042,22.7,11,2,9,2,2,1,1,0.48,0.09,0.57,0.4,0.48,12.6,11.1,2.3,13.4,0.56,0.1,0.66,0.49,0.59,Matches
499,Diego Rubio,CHI,FW,Sporting KC,24,1993,20,9,784,8.7,8,4,8,0,0,3,0,0.92,0.46,1.38,0.92,1.38,3.8,3.8,1.9,5.6,0.43,0.22,0.65,0.43,0.65,Matches
500,Raúl Ruidíaz,PER,FW,Seattle,27,1990,14,13,1094,12.2,10,1,10,0,0,1,0,0.82,0.08,0.9,0.82,0.9,9.0,9.0,0.9,10.0,0.74,0.08,0.82,0.74,0.82,Matches
501,Pablo Ruíz,ARG,DFMF,Real Salt Lake,19,1998,12,5,533,5.9,0,0,0,0,0,2,0,0.0,0.0,0.0,0.0,0.0,0.4,0.4,0.2,0.6,0.07,0.03,0.1,0.07,0.1,Matches
502,Albert Rusnák,SVK,MFFW,Real Salt Lake,23,1994,31,29,2591,28.8,10,5,7,3,4,0,0,0.35,0.17,0.52,0.24,0.42,7.6,4.6,7.8,12.4,0.27,0.27,0.54,0.16,0.43,Matches
503,Johnny Russell,SCO,FW,Sporting KC,27,1990,30,24,2178,24.2,10,7,9,1,1,3,0,0.41,0.29,0.7,0.37,0.66,8.5,8.5,5.5,13.9,0.36,0.24,0.6,0.36,0.6,Matches
504,Marc Rzatkowski,GER,MFFW,NY Red Bulls,27,1990,24,16,1499,16.7,2,3,2,0,0,4,0,0.12,0.18,0.3,0.12,0.3,1.6,1.6,4.9,6.5,0.1,0.29,0.39,0.1,0.39,Matches
505,Bacary Sagna,FRA,DF,Montreal Impact,34,1983,9,9,810,9.0,1,0,1,0,0,3,0,0.11,0.0,0.11,0.11,0.11,0.9,0.9,0.8,1.8,0.1,0.09,0.2,0.1,0.2,Matches
506,Shea Salinas,USA,DF,San Jose,31,1986,25,20,1820,20.2,0,2,0,0,0,3,1,0.0,0.1,0.1,0.0,0.1,0.4,0.4,1.7,2.1,0.02,0.08,0.1,0.02,0.1,Matches
507,Dániel Sallói,HUN,FW,Sporting KC,21,1996,29,26,2286,25.4,11,7,11,0,0,3,1,0.43,0.28,0.71,0.43,0.71,7.1,7.1,4.5,11.7,0.29,0.19,0.48,0.29,0.48,Matches
508,Ilie Sánchez,ESP,MF,Sporting KC,27,1990,34,34,3060,34.0,4,3,0,4,6,6,0,0.12,0.09,0.21,0.0,0.09,5.3,1.5,2.9,4.4,0.16,0.09,0.25,0.05,0.13,Matches
509,Richard Sánchez,MEX,GK,Chicago Fire,23,1994,25,24,2207,24.5,0,0,0,0,0,3,0,0.0,0.0,0.0,0.0,0.0,0.0,0.0,0.0,0.0,0.0,0.0,0.0,0.0,0.0,Matches
510,James Sands,USA,MF,NYCFC,17,2000,3,3,220,2.4,0,0,0,0,0,0,0,0.0,0.0,0.0,0.0,0.0,0.1,0.1,0.1,0.2,0.05,0.03,0.08,0.05,0.08,Matches
511,Lamine Sané,SEN,DF,Orlando City,30,1987,16,15,1372,15.2,1,0,1,0,0,1,0,0.07,0.0,0.07,0.07,0.07,0.3,0.3,0.0,0.3,0.02,0.0,0.02,0.02,0.02,Matches
512,Harold Santiago Mosquera,COL,FWMF,FC Dallas,22,1995,29,17,1591,17.7,6,4,6,0,0,0,0,0.34,0.23,0.57,0.34,0.57,5.3,5.3,3.6,8.8,0.32,0.21,0.53,0.32,0.53,Matches
513,Pedro Santos,POR,FWMF,Columbus Crew,29,1988,30,29,2206,24.5,1,4,1,0,0,4,1,0.04,0.16,0.2,0.04,0.2,4.0,4.0,5.2,9.1,0.16,0.21,0.37,0.16,0.37,Matches
514,C.J. Sapong,USA,FW,Philadelphia,29,1988,32,29,2307,25.6,4,3,4,0,1,3,0,0.16,0.12,0.27,0.16,0.27,10.1,9.3,2.7,12.0,0.39,0.1,0.5,0.36,0.47,Matches
515,Sebastián Saucedo,USA,FW,Real Salt Lake,21,1997,28,10,1039,11.5,3,2,3,0,0,1,0,0.26,0.17,0.43,0.26,0.43,2.7,2.7,0.9,3.7,0.24,0.08,0.32,0.24,0.32,Matches
516,Gastón Sauro,ARG,DF,Columbus Crew,27,1990,7,6,521,5.8,0,0,0,0,0,1,0,0.0,0.0,0.0,0.0,0.0,0.0,0.0,0.1,0.1,0.0,0.01,0.01,0.0,0.01,Matches
517,Jefferson Savarino,VEN,FW,Real Salt Lake,21,1996,32,32,2850,31.7,7,9,7,0,0,2,0,0.22,0.28,0.51,0.22,0.51,5.9,5.9,7.8,13.8,0.19,0.25,0.43,0.19,0.43,Matches
518,Chris Schuler,USA,DF,Orlando City,30,1987,9,8,786,8.7,1,0,1,0,0,3,0,0.11,0.0,0.11,0.11,0.11,0.6,0.6,0.0,0.6,0.06,0.0,0.06,0.06,0.06,Matches
519,Rasmus Schüller,FIN,MFFW,Minnesota Utd,26,1991,31,29,2541,28.2,1,3,1,0,0,5,0,0.04,0.11,0.14,0.04,0.14,1.1,1.1,1.9,3.0,0.04,0.07,0.11,0.04,0.11,Matches
520,Bastian Schweinsteiger,GER,MFDF,Chicago Fire,33,1984,31,30,2723,30.3,4,5,4,0,1,7,0,0.13,0.17,0.3,0.13,0.3,2.7,1.9,2.5,4.4,0.09,0.08,0.17,0.06,0.15,Matches
521,Mark Segbers,USA,DF,New England,21,1996,1,0,45,0.5,0,0,0,0,0,0,0,0.0,0.0,0.0,0.0,0.0,0.0,0.0,0.0,0.0,0.0,0.0,0.0,0.0,0.0,Matches
522,Ulises Segura,CRC,MFFW,D.C. United,24,1993,23,14,1293,14.4,2,1,2,0,0,1,0,0.14,0.07,0.21,0.14,0.21,1.9,1.9,1.7,3.6,0.13,0.12,0.25,0.13,0.25,Matches
523,Chris Seitz,USA,GK,Houston Dynamo,30,1987,6,6,540,6.0,0,0,0,0,0,1,0,0.0,0.0,0.0,0.0,0.0,0.0,0.0,0.0,0.0,0.0,0.0,0.0,0.0,0.0,Matches
524,Philippe Senderos,SUI,DF,Houston Dynamo,32,1985,8,7,607,6.7,4,0,4,0,0,2,0,0.59,0.0,0.59,0.59,0.59,1.0,1.0,0.1,1.1,0.15,0.02,0.16,0.15,0.16,Matches
525,Dillon Serna,USA,MFFW,Colorado Rapids,23,1994,20,10,1191,13.2,1,0,1,0,0,3,0,0.08,0.0,0.08,0.08,0.08,1.3,1.3,0.9,2.2,0.1,0.07,0.17,0.1,0.17,Matches
526,Brek Shea,USA,FWDF,Vancouver,27,1990,28,15,1525,16.9,3,2,3,0,0,3,0,0.18,0.12,0.3,0.18,0.3,2.4,2.4,1.5,3.9,0.14,0.09,0.23,0.14,0.23,Matches
527,Khiry Shelton,USA,FW,Sporting KC,24,1993,20,15,1369,15.2,2,5,2,0,0,2,0,0.13,0.33,0.46,0.13,0.46,4.2,4.2,3.7,7.9,0.3,0.26,0.56,0.29,0.55,Matches
528,Harry Shipp,USA,FW,Seattle,26,1991,19,15,1221,13.6,3,1,3,0,0,1,0,0.22,0.07,0.29,0.22,0.29,2.3,2.3,0.6,2.9,0.17,0.04,0.21,0.17,0.21,Matches
529,Shamit Shome,CAN,MF,Montreal Impact,20,1997,5,2,251,2.8,0,0,0,0,0,0,0,0.0,0.0,0.0,0.0,0.0,0.4,0.4,0.0,0.4,0.15,0.0,0.15,0.15,0.15,Matches
530,Bobby Shuttleworth,USA,GK,Minnesota Utd,30,1987,25,25,2250,25.0,0,0,0,0,0,2,0,0.0,0.0,0.0,0.0,0.0,0.0,0.0,0.0,0.0,0.0,0.0,0.0,0.0,0.0,Matches
531,Alejandro Silva González,URU,FWMF,Montreal Impact,28,1989,31,27,2362,26.2,5,8,4,1,1,4,0,0.19,0.3,0.5,0.15,0.46,6.3,5.5,6.1,11.6,0.24,0.23,0.47,0.21,0.44,Matches
532,Danilo da Silva,BRA,DF,Los Angeles FC,31,1986,10,9,721,8.0,0,0,0,0,0,2,0,0.0,0.0,0.0,0.0,0.0,0.6,0.6,0.1,0.7,0.08,0.01,0.09,0.08,0.09,Matches
533,Marcelo Silva,URU,DF,Real Salt Lake,28,1989,18,18,1555,17.3,0,0,0,0,0,7,0,0.0,0.0,0.0,0.0,0.0,0.5,0.5,0.0,0.6,0.03,0.0,0.03,0.03,0.03,Matches
534,Pierre da Silva,USA,FW,Orlando City,19,1998,2,0,51,0.6,0,0,0,0,0,0,0,0.0,0.0,0.0,0.0,0.0,0.0,0.0,0.0,0.0,0.0,0.0,0.0,0.0,0.0,Matches
535,Jay Simpson,ENG,FWMF,Philadelphia,29,1988,8,1,164,1.8,2,0,2,0,0,0,0,1.1,0.0,1.1,1.1,1.1,1.6,1.6,0.0,1.6,0.89,0.0,0.89,0.89,0.89,Matches
536,Seth Sinovic,USA,DF,Sporting KC,31,1987,23,19,1648,18.3,0,1,0,0,0,4,1,0.0,0.05,0.05,0.0,0.05,0.3,0.3,0.7,1.0,0.02,0.04,0.06,0.02,0.06,Matches
537,Axel Sjöberg,SWE,DF,Colorado Rapids,26,1991,17,15,1333,14.8,0,0,0,0,0,0,0,0.0,0.0,0.0,0.0,0.0,0.4,0.4,0.0,0.4,0.03,0.0,0.03,0.03,0.03,Matches
538,Jørgen Skjelvik,NOR,DF,LA Galaxy,26,1991,32,29,2588,28.8,0,1,0,0,0,6,0,0.0,0.03,0.03,0.0,0.03,0.5,0.5,0.2,0.7,0.02,0.01,0.02,0.02,0.02,Matches
539,Brad Smith,AUS,DF,Seattle,23,1994,6,6,443,4.9,0,1,0,0,0,1,0,0.0,0.2,0.2,0.0,0.2,0.3,0.3,0.8,1.0,0.06,0.15,0.21,0.06,0.21,Matches
540,Graham Smith,USA,DF,Sporting KC,22,1995,2,2,180,2.0,0,0,0,0,0,0,0,0.0,0.0,0.0,0.0,0.0,0.2,0.2,0.0,0.2,0.08,0.0,0.08,0.08,0.08,Matches
541,Tommy Smith,NZL,DF,Colorado Rapids,27,1990,33,33,2969,33.0,4,3,4,0,0,6,1,0.12,0.09,0.21,0.12,0.21,2.0,2.0,0.8,2.8,0.06,0.03,0.09,0.06,0.09,Matches
542,Luis Solignac,ARG,FWMF,Chicago Fire,26,1991,11,8,699,7.8,0,1,0,0,0,0,0,0.0,0.13,0.13,0.0,0.13,1.7,1.7,0.3,1.9,0.22,0.04,0.25,0.22,0.25,Matches
543,Gabriel Somi,SYR,DF,New England,26,1991,14,12,1038,11.5,0,1,0,0,0,3,0,0.0,0.09,0.09,0.0,0.09,0.3,0.3,0.7,0.9,0.02,0.06,0.08,0.02,0.08,Matches
544,Eduardo Sosa,VEN,MFFW,Columbus Crew,20,1997,10,3,391,4.3,1,0,1,0,0,1,1,0.23,0.0,0.23,0.23,0.23,0.4,0.4,0.6,1.0,0.1,0.14,0.24,0.1,0.24,Matches
545,Jonathan Spector,USA,DF,Orlando City,31,1986,13,13,1059,11.8,0,1,0,0,0,2,0,0.0,0.08,0.08,0.0,0.08,0.9,0.9,0.6,1.4,0.07,0.05,0.12,0.07,0.12,Matches
546,Ben Spencer,USA,FW,Toronto FC,22,1995,2,1,82,0.9,0,0,0,0,0,0,0,0.0,0.0,0.0,0.0,0.0,0.7,0.7,0.0,0.7,0.75,0.04,0.79,0.75,0.79,Matches
547,Mac Steeves,USA,FWMF,Houston Dynamo,23,1994,3,0,28,0.3,0,0,0,0,0,0,0,0.0,0.0,0.0,0.0,0.0,0.0,0.0,0.1,0.2,0.15,0.46,0.61,0.15,0.61,Matches
548,Zack Steffen,USA,GK,Columbus Crew,22,1995,29,29,2610,29.0,0,0,0,0,0,2,0,0.0,0.0,0.0,0.0,0.0,0.0,0.0,0.2,0.2,0.0,0.01,0.01,0.0,0.01,Matches
549,Daniel Steres,USA,DF,LA Galaxy,27,1990,20,14,1322,14.7,0,1,0,0,0,2,0,0.0,0.07,0.07,0.0,0.07,0.3,0.3,0.4,0.7,0.02,0.03,0.05,0.02,0.05,Matches
550,Zoltán Stieber,HUN,MFFW,D.C. United,29,1988,27,21,1827,20.3,5,6,5,0,0,1,0,0.25,0.3,0.54,0.25,0.54,4.0,4.0,3.4,7.3,0.2,0.17,0.36,0.2,0.36,Matches
551,Brad Stuver,USA,GK,NYCFC,26,1991,2,2,180,2.0,0,0,0,0,0,0,0,0.0,0.0,0.0,0.0,0.0,0.0,0.0,0.0,0.0,0.0,0.0,0.0,0.0,0.0,Matches
552,Sunny,NGA,MF,Real Salt Lake,29,1988,23,16,1416,15.7,0,1,0,0,0,5,0,0.0,0.06,0.06,0.0,0.06,0.3,0.3,0.5,0.8,0.02,0.03,0.05,0.02,0.05,Matches
553,Scott Sutter,SUI,DF,Orlando City,31,1986,19,18,1563,17.4,3,2,3,0,0,0,0,0.17,0.12,0.29,0.17,0.29,0.8,0.8,1.3,2.2,0.05,0.08,0.13,0.05,0.13,Matches
554,Gustav Svensson,SWE,MFDF,Seattle,30,1987,24,23,2072,23.0,3,1,3,0,0,2,0,0.13,0.04,0.17,0.13,0.17,1.3,1.3,1.0,2.3,0.05,0.04,0.1,0.05,0.1,Matches
555,Ben Sweat,USA,DF,NYCFC,26,1991,28,24,2195,24.4,0,1,0,0,0,3,0,0.0,0.04,0.04,0.0,0.04,1.0,1.0,1.9,3.0,0.04,0.08,0.13,0.04,0.13,Matches
556,Saphir Taïder,ALG,MF,Montreal Impact,25,1992,33,33,2849,31.7,7,5,6,1,1,3,1,0.22,0.16,0.38,0.19,0.35,6.8,6.1,4.2,10.3,0.22,0.13,0.35,0.19,0.32,Matches
557,Mitchell Taintor,USA,DF,Toronto FC,23,1994,1,1,90,1.0,1,0,1,0,0,1,0,1.0,0.0,1.0,1.0,1.0,0.1,0.1,0.1,0.1,0.08,0.06,0.14,0.08,0.14,Matches
558,Ismael Tajouri-Shradi,LBY,FWMF,NYCFC,23,1994,27,18,1546,17.2,11,1,11,0,0,2,0,0.64,0.06,0.7,0.64,0.7,4.1,4.1,3.6,7.7,0.24,0.22,0.46,0.24,0.46,Matches
559,Andrew Tarbell,USA,GK,San Jose,24,1993,29,29,2610,29.0,0,0,0,0,0,1,0,0.0,0.0,0.0,0.0,0.0,0.0,0.0,0.1,0.2,0.0,0.01,0.01,0.0,0.01,Matches
560,Amro Tarek,EGY,DF,Orlando City,25,1992,20,19,1696,18.8,1,0,1,0,0,2,0,0.05,0.0,0.05,0.05,0.05,1.4,1.4,0.2,1.6,0.08,0.01,0.08,0.08,0.08,Matches
561,Tony Tchani,CMR,MF,Chicago Fire,28,1989,13,9,826,9.2,1,0,1,0,0,1,0,0.11,0.0,0.11,0.11,0.11,0.3,0.3,0.3,0.6,0.03,0.03,0.07,0.03,0.07,Matches
562,Cristian Techera,URU,FWMF,Vancouver,25,1992,21,16,1344,14.9,8,1,7,1,1,7,1,0.54,0.07,0.6,0.47,0.54,6.6,5.8,2.6,8.4,0.44,0.17,0.61,0.39,0.56,Matches
563,Russell Teibert,CAN,MF,Vancouver,25,1992,23,17,1606,17.8,1,0,1,0,0,3,0,0.06,0.0,0.06,0.06,0.06,0.3,0.3,1.2,1.5,0.02,0.07,0.08,0.02,0.08,Matches
564,Ryan Telfer,TRI,DFFW,Toronto FC,23,1994,15,9,815,9.1,1,1,1,0,0,1,0,0.11,0.11,0.22,0.11,0.22,0.4,0.4,1.6,2.0,0.04,0.18,0.22,0.04,0.22,Matches
565,Jérôme Thiesson,SUI,DF,Minnesota Utd,30,1987,14,13,1106,12.3,0,0,0,0,0,0,0,0.0,0.0,0.0,0.0,0.0,0.1,0.1,1.1,1.2,0.01,0.09,0.1,0.01,0.1,Matches
566,Tommy Thompson,USA,MFFW,San Jose,22,1995,14,6,634,7.0,0,0,0,0,0,0,0,0.0,0.0,0.0,0.0,0.0,0.6,0.6,0.8,1.4,0.09,0.12,0.2,0.09,0.2,Matches
567,Chris Tierney,USA,DF,New England,32,1986,6,3,311,3.5,1,0,1,0,0,1,0,0.29,0.0,0.29,0.29,0.29,0.2,0.2,0.7,0.9,0.05,0.21,0.26,0.05,0.26,Matches
568,Anton Tinnerholm,SWE,DF,NYCFC,26,1991,31,31,2696,30.0,4,5,4,0,0,5,0,0.13,0.17,0.3,0.13,0.3,1.8,1.8,2.6,4.4,0.06,0.09,0.15,0.06,0.15,Matches
569,Donny Toia,USA,DF,Orlando City,25,1992,4,3,237,2.6,0,1,0,0,0,0,0,0.0,0.38,0.38,0.0,0.38,0.0,0.0,0.1,0.1,0.02,0.03,0.05,0.02,0.05,Matches
570,Nouhou Tolo,CMR,DF,Seattle,20,1997,28,23,2036,22.6,0,0,0,0,0,8,0,0.0,0.0,0.0,0.0,0.0,0.7,0.7,1.2,1.9,0.03,0.05,0.08,0.03,0.08,Matches
571,Román Torres,PAN,DF,Seattle,31,1986,13,7,692,7.7,0,0,0,0,0,1,0,0.0,0.0,0.0,0.0,0.0,1.0,1.0,0.1,1.1,0.13,0.01,0.14,0.13,0.14,Matches
572,Mason Toye,USA,FW,Minnesota Utd,19,1998,17,2,351,3.9,0,0,0,0,0,3,1,0.0,0.0,0.0,0.0,0.0,1.6,1.6,0.1,1.7,0.42,0.02,0.43,0.42,0.43,Matches
573,Wil Trapp,USA,MF,Columbus Crew,25,1993,30,29,2619,29.1,1,1,1,0,0,3,0,0.03,0.03,0.07,0.03,0.07,0.2,0.2,1.3,1.5,0.01,0.05,0.05,0.01,0.05,Matches
574,Auston Trusty,USA,DF,Philadelphia,19,1998,34,34,3060,34.0,1,0,1,0,0,4,0,0.03,0.0,0.03,0.03,0.03,0.6,0.6,0.2,0.8,0.02,0.01,0.02,0.02,0.02,Matches
575,Bill Tuiloma,NZL,DF,Portland Timbers,22,1995,13,7,717,8.0,1,0,1,0,0,0,0,0.13,0.0,0.13,0.13,0.13,0.4,0.4,0.1,0.4,0.05,0.01,0.06,0.05,0.06,Matches
576,Matt Turner,USA,GK,New England,23,1994,27,27,2430,27.0,0,0,0,0,0,1,0,0.0,0.0,0.0,0.0,0.0,0.0,0.0,0.0,0.0,0.0,0.0,0.0,0.0,0.0,Matches
577,Ema Twumasi,GHA,FW,FC Dallas,20,1997,1,1,45,0.5,0,0,0,0,0,0,0,0.0,0.0,0.0,0.0,0.0,0.1,0.1,0.0,0.1,0.18,0.0,0.18,0.18,0.18,Matches
578,Victor Ulloa,USA,MF,FC Dallas,25,1992,27,25,2166,24.1,1,2,1,0,0,1,0,0.04,0.08,0.12,0.04,0.12,0.9,0.9,1.6,2.5,0.04,0.07,0.11,0.04,0.11,Matches
579,Marco Ureña,CRC,FW,Los Angeles FC,27,1990,18,11,1016,11.3,1,4,1,0,1,0,0,0.09,0.35,0.44,0.09,0.44,5.3,4.6,2.0,6.6,0.47,0.18,0.65,0.41,0.58,Matches
580,Maximiliano Urruti,ARG,FWMF,FC Dallas,26,1991,33,30,2733,30.4,8,7,8,0,0,3,0,0.26,0.23,0.49,0.26,0.49,10.6,10.6,4.1,14.7,0.36,0.14,0.5,0.36,0.5,Matches
581,Zarek Valentin,PUR,DF,Portland Timbers,26,1991,32,30,2723,30.3,0,0,0,0,0,4,0,0.0,0.0,0.0,0.0,0.0,0.4,0.4,1.6,1.9,0.01,0.05,0.06,0.01,0.06,Matches
582,Milton Valenzuela,ARG,DF,Columbus Crew,19,1998,30,29,2553,28.4,1,3,1,0,0,6,0,0.04,0.11,0.14,0.04,0.14,1.1,1.1,4.2,5.3,0.04,0.15,0.19,0.04,0.19,Matches
583,Diego Valeri,ARG,MFFW,Portland Timbers,31,1986,32,31,2743,30.5,10,11,6,4,5,4,0,0.33,0.36,0.69,0.2,0.56,11.6,7.8,8.3,16.1,0.38,0.27,0.65,0.26,0.53,Matches
584,Florian Valot,FRA,FWMF,NY Red Bulls,24,1993,14,13,1144,12.7,3,4,3,0,0,1,0,0.24,0.31,0.55,0.24,0.55,3.3,3.3,2.0,5.3,0.26,0.16,0.42,0.26,0.42,Matches
585,Jeisson Vargas,CHI,FWMF,Montreal Impact,20,1997,19,10,871,9.7,4,0,4,0,0,1,0,0.41,0.0,0.41,0.41,0.41,2.1,2.1,0.6,2.7,0.22,0.06,0.28,0.22,0.28,Matches
586,Brandon Vazquez,USA,FW,Atlanta Utd,19,1998,8,0,93,1.0,0,0,0,0,0,0,0,0.0,0.0,0.0,0.0,0.0,1.7,1.7,0.1,1.8,1.62,0.08,1.69,1.62,1.69,Matches
587,Víctor Vázquez,ESP,MFFW,Toronto FC,31,1987,21,19,1430,15.9,8,4,6,2,2,0,0,0.5,0.25,0.76,0.38,0.63,4.6,3.1,3.6,6.7,0.29,0.23,0.52,0.19,0.42,Matches
588,Carlos Vela,MEX,FWMF,Los Angeles FC,28,1989,28,26,2378,26.4,14,9,10,4,4,1,0,0.53,0.34,0.87,0.38,0.72,10.7,7.7,9.0,16.7,0.42,0.35,0.78,0.3,0.66,Matches
589,David Villa,ESP,FW,NYCFC,36,1981,23,20,1748,19.4,14,5,12,2,3,4,0,0.72,0.26,0.98,0.62,0.88,11.1,9.6,5.7,15.3,0.6,0.31,0.91,0.52,0.83,Matches
590,Jorge Villafaña,USA,DF,Portland Timbers,28,1989,8,7,654,7.3,0,1,0,0,0,0,0,0.0,0.14,0.14,0.0,0.14,0.0,0.0,1.2,1.2,0.0,0.16,0.16,0.0,0.16,Matches
591,Héctor Villalba,PAR,FW,Atlanta Utd,23,1994,28,21,1773,19.7,7,6,7,0,0,4,0,0.36,0.3,0.66,0.36,0.66,7.0,7.0,5.8,12.9,0.36,0.3,0.65,0.36,0.65,Matches
592,Jose Villarreal,USA,MF,Orlando City,24,1993,3,0,48,0.5,0,0,0,0,0,0,0,0.0,0.0,0.0,0.0,0.0,0.0,0.0,0.2,0.2,0.0,0.4,0.4,0.0,0.4,Matches
593,Brandon Vincent,USA,DF,Chicago Fire,23,1994,32,31,2827,31.4,1,3,1,0,0,3,0,0.03,0.1,0.13,0.03,0.13,0.7,0.7,1.4,2.1,0.02,0.04,0.07,0.02,0.07,Matches
594,Sam Vines,USA,DF,Colorado Rapids,18,1999,1,0,45,0.5,0,0,0,0,0,0,0,0.0,0.0,0.0,0.0,0.0,0.0,0.0,0.0,0.0,0.0,0.0,0.0,0.0,0.0,Matches
595,Rodney Wallace,CRC,FW,NYCFC,29,1988,18,9,821,9.1,1,1,1,0,0,2,0,0.11,0.11,0.22,0.11,0.22,2.1,2.1,0.7,2.8,0.23,0.08,0.31,0.23,0.31,Matches
596,Collen Warner,USA,MF,Minnesota Utd,29,1988,17,14,1236,13.7,0,0,0,0,0,7,1,0.0,0.0,0.0,0.0,0.0,0.1,0.1,0.5,0.6,0.01,0.04,0.04,0.01,0.04,Matches
597,Kendall Waston,CRC,DF,Vancouver,30,1988,26,26,2217,24.6,3,2,3,0,0,6,1,0.12,0.08,0.2,0.12,0.2,3.2,3.2,1.4,4.6,0.13,0.05,0.19,0.13,0.19,Matches
598,Jared Watts,USA,DF,Houston Dynamo,25,1992,7,7,533,5.9,0,0,0,0,0,1,0,0.0,0.0,0.0,0.0,0.0,0.1,0.1,0.1,0.1,0.01,0.01,0.02,0.01,0.02,Matches
599,Chris Wehan,USA,FWMF,San Jose,24,1994,6,2,186,2.1,0,0,0,0,0,0,0,0.0,0.0,0.0,0.0,0.0,0.2,0.2,0.7,0.8,0.08,0.32,0.4,0.08,0.4,Matches
600,Andrew Wenger,USA,DFFW,Houston Dynamo,27,1990,22,20,1708,19.0,2,1,2,0,0,1,0,0.11,0.05,0.16,0.11,0.16,2.5,2.5,1.3,3.9,0.13,0.07,0.2,0.13,0.2,Matches
601,Andrew Wheeler-Omiunu,USA,MF,Atlanta Utd,23,1994,1,0,17,0.2,0,0,0,0,0,0,0,0.0,0.0,0.0,0.0,0.0,0.0,0.0,0.0,0.0,0.0,0.0,0.0,0.0,0.0,Matches
602,Brian White,USA,FW,NY Red Bulls,21,1996,5,2,219,2.4,1,0,1,0,0,0,0,0.41,0.0,0.41,0.41,0.41,1.7,1.7,0.0,1.7,0.68,0.0,0.68,0.68,0.68,Matches
603,Josh Williams,USA,DF,Columbus Crew,29,1988,21,16,1486,16.5,0,0,0,0,0,2,0,0.0,0.0,0.0,0.0,0.0,1.3,1.3,0.4,1.7,0.08,0.03,0.1,0.08,0.1,Matches
604,Romario Williams,JAM,FWMF,Atlanta Utd,23,1994,17,0,224,2.5,1,0,1,0,0,4,0,0.4,0.0,0.4,0.4,0.4,1.1,1.1,0.7,1.8,0.46,0.27,0.73,0.46,0.73,Matches
605,Sheanon Williams,USA,DFFW,LA Galaxy,27,1990,8,1,158,1.8,0,0,0,0,0,0,0,0.0,0.0,0.0,0.0,0.0,0.0,0.0,0.0,0.0,0.0,0.0,0.0,0.0,0.0,Matches
606,Joe Willis,USA,GK,Houston Dynamo,29,1988,26,26,2340,26.0,0,0,0,0,0,3,0,0.0,0.0,0.0,0.0,0.0,0.0,0.0,0.1,0.1,0.0,0.0,0.0,0.0,0.0,Matches
607,Danny Wilson,SCO,DFMF,Colorado Rapids,26,1991,23,22,1935,21.5,0,0,0,0,0,7,0,0.0,0.0,0.0,0.0,0.0,0.3,0.3,0.2,0.4,0.01,0.01,0.02,0.01,0.02,Matches
608,Henry Wingo,USA,FWDF,Seattle,22,1995,5,1,148,1.6,0,0,0,0,0,1,0,0.0,0.0,0.0,0.0,0.0,0.3,0.3,0.3,0.6,0.17,0.17,0.34,0.17,0.34,Matches
609,Magnus Wolff Eikrem,NOR,FWMF,Seattle,27,1990,15,6,599,6.7,1,1,1,0,0,2,0,0.15,0.15,0.3,0.15,0.3,1.5,1.5,1.3,2.8,0.23,0.2,0.42,0.23,0.42,Matches
610,Chris Wondolowski,USA,FWMF,San Jose,35,1983,34,23,2296,25.5,10,5,7,3,4,3,0,0.39,0.2,0.59,0.27,0.47,9.5,6.3,2.1,8.3,0.37,0.08,0.45,0.25,0.33,Matches
611,Brian Wright,CAN,FWMF,New England,22,1995,10,2,263,2.9,1,0,1,0,0,0,0,0.34,0.0,0.34,0.34,0.34,1.4,1.4,0.1,1.5,0.48,0.02,0.51,0.48,0.51,Matches
612,Bradley Wright-Phillips,ENG,FW,NY Red Bulls,32,1985,32,28,2532,28.1,20,7,20,0,0,7,0,0.71,0.25,0.96,0.71,0.96,14.0,14.0,6.4,20.4,0.5,0.23,0.73,0.5,0.73,Matches
613,Deklan Wynne,NZL,DF,Colorado Rapids,22,1995,25,22,2006,22.3,0,0,0,0,0,3,1,0.0,0.0,0.0,0.0,0.0,0.1,0.1,0.3,0.4,0.0,0.01,0.02,0.0,0.02,Matches
614,Yoshimar Yotún,PER,MFFW,Orlando City,27,1990,22,22,1969,21.9,4,7,1,3,3,7,1,0.18,0.32,0.5,0.05,0.37,4.1,1.8,5.9,7.7,0.19,0.27,0.46,0.08,0.35,Matches
615,Jackson Yueill,USA,MF,San Jose,20,1997,21,15,1289,14.3,0,2,0,0,0,0,0,0.0,0.14,0.14,0.0,0.14,0.8,0.8,1.4,2.2,0.05,0.1,0.16,0.05,0.16,Matches
616,Wilfried Zahibo,CTA,MF,New England,24,1993,31,22,1941,21.6,4,2,4,0,0,6,0,0.19,0.09,0.28,0.19,0.28,2.2,1.9,1.1,3.0,0.1,0.05,0.15,0.09,0.14,Matches
617,Gyasi Zardes,USA,FW,Columbus Crew,26,1991,33,33,2945,32.7,19,0,16,3,4,3,0,0.58,0.0,0.58,0.49,0.49,17.1,14.1,2.1,16.2,0.52,0.06,0.59,0.43,0.5,Matches
618,Eriq Zavaleta,SLV,DF,Toronto FC,25,1992,21,16,1487,16.5,0,0,0,0,0,4,0,0.0,0.0,0.0,0.0,0.0,0.2,0.2,0.3,0.6,0.01,0.02,0.04,0.01,0.04,Matches
619,Reto Ziegler,SUI,DF,FC Dallas,32,1986,29,29,2568,28.5,4,0,2,2,3,3,3,0.14,0.0,0.14,0.07,0.07,2.0,0.5,0.6,1.1,0.07,0.02,0.1,0.02,0.04,Matches
620,Walker Zimmerman,USA,DF,Los Angeles FC,24,1993,26,26,2319,25.8,4,1,4,0,0,4,0,0.16,0.04,0.19,0.16,0.19,2.4,2.4,0.9,3.3,0.1,0.03,0.13,0.1,0.13,Matches
621,Sal Zizzo,USA,DF,Atlanta Utd,30,1987,6,1,161,1.8,0,0,0,0,0,0,0,0.0,0.0,0.0,0.0,0.0,0.0,0.0,0.1,0.1,0.0,0.05,0.05,0.0,0.05,Matches
622,Graham Zusi,USA,DF,Sporting KC,31,1986,34,34,3060,34.0,2,4,2,0,0,2,0,0.06,0.12,0.18,0.06,0.18,2.8,2.8,6.2,9.1,0.09,0.19,0.27,0.09,0.27,Matches
